날짜,종가
2024-03-29,16.84
2024-03-28,16.88
2024-03-27,17.14
2024-03-26,17.34
2024-03-25,17.35
2024-03-22,17.13
2024-03-21,17.53
2024-03-20,16.92
2024-03-19,16.78
2024-03-18,17.12
2024-03-15,16.83
2024-03-14,16.51
2024-03-13,16.93
2024-03-12,17.8
2024-03-11,18.05
2024-03-08,17.25
2024-03-07,17.25
2024-03-06,17.25
2024-03-05,17.13
2024-03-04,17.33
2024-02-29,16.77
2024-02-28,16.83
2024-02-27,17.16
2024-02-26,17.94
2024-02-23,18.31
2024-02-22,18.22
2024-02-21,18.5
2024-02-20,18.09
2024-02-19,18.02
2024-02-16,17.41
2024-02-15,17.79
2024-02-14,17.98
2024-02-13,18.02
2024-02-08,17.24
2024-02-07,17.62
2024-02-06,17.59
2024-02-05,18.06
2024-02-02,17.79
2024-02-01,16.79
2024-01-31,17.02
2024-01-30,17.11
2024-01-29,17.27
2024-01-26,16.96
2024-01-25,16.92
2024-01-24,17.07
2024-01-23,17.39
2024-01-22,18.01
2024-01-19,17.64
2024-01-18,18.32
2024-01-17,19.31
2024-01-16,17.18
2024-01-15,16.84
2024-01-12,16.77
2024-01-11,17.14
2024-01-10,16.79
2024-01-09,17.42
2024-01-08,17.77
2024-01-05,17.8
2024-01-04,18.2
2024-01-03,18.28
2024-01-02,18.61
2023-12-28,17.78
2023-12-27,16.55
2023-12-26,16.25
2023-12-22,14.97
2023-12-21,14.93
2023-12-20,14.78
2023-12-19,13.85
2023-12-18,14.27
2023-12-15,13.98
2023-12-14,14.11
2023-12-13,14.3
2023-12-12,14.45
2023-12-11,14.59
2023-12-08,14.76
2023-12-07,16.85
2023-12-06,14.56
2023-12-05,14.84
2023-12-04,14.61
2023-12-01,14.5
2023-11-30,14.46
2023-11-29,14.6
2023-11-28,15.35
2023-11-27,15.2
2023-11-24,15.04
2023-11-23,15.13
2023-11-22,15.88
2023-11-21,16.18
2023-11-20,16.68
2023-11-17,16.55
2023-11-16,16.98
2023-11-15,17.24
2023-11-14,17.35
2023-11-13,17.68
2023-11-10,17.13
2023-11-09,16.84
2023-11-08,17.56
2023-11-07,18.23
2023-11-06,18.65
2023-11-03,16.7
2023-11-02,17.49
2023-11-01,18.79
2023-10-31,19.89
2023-10-30,20.03
2023-10-27,20.02
2023-10-26,21.14
2023-10-25,18.56
2023-10-24,18.82
2023-10-23,19.65
2023-10-20,19.53
2023-10-19,18.23
2023-10-18,16
2023-10-17,16.18
2023-10-16,17.07
2023-10-13,15.95
2023-10-12,15.7
2023-10-11,16.74
2023-10-10,17.56
2023-10-06,17.39
2023-10-05,17.34
2023-10-04,18.09
2023-09-27,15.08
2023-09-26,14.74
2023-09-25,14.1
2023-09-22,14.18
2023-09-21,13.96
2023-09-20,13.03
2023-09-19,12.95
2023-09-18,12.85
2023-09-15,11.73
2023-09-14,12.02
2023-09-13,12.64
2023-09-12,12.4
2023-09-11,12.42
2023-09-08,12.4
2023-09-07,12.69
2023-09-06,12.46
2023-09-05,12.42
2023-09-04,12.49
2023-09-01,12.53
2023-08-31,12.78
2023-08-30,13.05
2023-08-29,13.49
2023-08-28,14.18
2023-08-25,14.86
2023-08-24,13.94
2023-08-23,14.97
2023-08-22,15.33
2023-08-21,16.03
2023-08-18,16.03
2023-08-17,15.57
2023-08-16,15.15
2023-08-14,14.14
2023-08-11,13.44
2023-08-10,14
2023-08-09,14.15
2023-08-08,15.4
2023-08-07,15.71
2023-08-04,15.55
2023-08-03,15.88
2023-08-02,15.36
2023-08-01,14.06
2023-07-31,14.21
2023-07-28,14.15
2023-07-27,13.9
2023-07-26,14.53
2023-07-25,14.08
2023-07-24,14.12
2023-07-21,13.35
2023-07-20,13.22
2023-07-19,12.91
2023-07-18,13.07
2023-07-17,13.21
2023-07-14,13.19
2023-07-13,13.25
2023-07-12,13.76
2023-07-11,13.82
2023-07-10,14.63
2023-07-07,14.58
2023-07-06,12.98
2023-07-05,12.37
2023-07-04,12.27
2023-07-03,12.73
2023-06-30,12.59
2023-06-29,12.93
2023-06-28,13.1
2023-06-27,13.18
2023-06-26,13.46
2023-06-23,13.04
2023-06-22,13.24
2023-06-21,13.36
2023-06-20,13.02
2023-06-19,13.35
2023-06-16,13.13
2023-06-15,13.25
2023-06-14,13.55
2023-06-13,13.76
2023-06-12,13.45
2023-06-09,13.16
2023-06-08,13.44
2023-06-07,13.71
2023-06-05,14.08
2023-06-02,13.96
2023-06-01,14.35
2023-05-31,14.8
2023-05-30,14.79
2023-05-26,14.96
2023-05-25,15.07
2023-05-24,14.87
2023-05-23,14.56
2023-05-22,14.74
2023-05-19,14.13
2023-05-18,13.54
2023-05-17,13.52
2023-05-16,13.59
2023-05-15,13.81
2023-05-12,13.93
2023-05-11,14.31
2023-05-10,14.77
2023-05-09,14.39
2023-05-08,14.87
2023-05-04,15.27
2023-05-03,15.09
2023-05-02,14.21
2023-04-28,14.51
2023-04-27,14.86
2023-04-26,15.09
2023-04-25,15.02
2023-04-24,14.86
2023-04-21,14.62
2023-04-20,14.63
2023-04-19,14.86
2023-04-18,15.17
2023-04-17,15.49
2023-04-14,15.42
2023-04-13,15.52
2023-04-12,15.82
2023-04-11,15.62
2023-04-10,15.72
2023-04-07,15.35
2023-04-06,15.87
2023-04-05,15.36
2023-04-04,15.22
2023-04-03,15.88
2023-03-31,15.57
2023-03-30,15.7
2023-03-29,16.15
2023-03-28,16.81
2023-03-27,17.97
2023-03-24,17.59
2023-03-23,17.97
2023-03-22,18.29
2023-03-21,19.51
2023-03-20,20.62
2023-03-17,18.26
2023-03-16,19.97
2023-03-15,18.75
2023-03-14,21.11
2023-03-13,18.2
2023-03-10,17.56
2023-03-09,16.53
2023-03-08,17.21
2023-03-07,16.95
2023-03-06,17.18
2023-03-03,17.69
2023-03-02,18.31
2023-02-28,18.53
2023-02-27,19.38
2023-02-24,18.81
2023-02-23,18.99
2023-02-22,19.56
2023-02-21,18.89
2023-02-20,18.64
2023-02-17,18.23
2023-02-16,17.84
2023-02-15,18.18
2023-02-14,18.52
2023-02-13,18.23
2023-02-10,17.53
2023-02-09,17.95
2023-02-08,17.5
2023-02-07,17.31
2023-02-06,17.55
2023-02-03,17.01
2023-02-02,17.08
2023-02-01,17.54
2023-01-31,17.75
2023-01-30,17.38
2023-01-27,16.86
2023-01-26,16.53
2023-01-25,16.84
2023-01-20,16.81
2023-01-19,16.89
2023-01-18,16.8
2023-01-17,16.85
2023-01-16,16.88
2023-01-13,17.19
2023-01-12,18.34
2023-01-11,17.98
2023-01-10,18.22
2023-01-09,18.48
2023-01-06,17.74
2023-01-05,17.85
2023-01-04,18.17
2023-01-03,18.96
2023-01-02,18.85
2022-12-29,18.4
2022-12-28,17.53
2022-12-27,17.09
2022-12-26,17.46
2022-12-23,17.43
2022-12-22,16.6
2022-12-21,17.62
2022-12-20,17.98
2022-12-19,17.6
2022-12-16,17.03
2022-12-15,16.71
2022-12-14,17.27
2022-12-13,19.09
2022-12-12,18.52
2022-12-09,17.57
2022-12-08,18.38
2022-12-07,18.45
2022-12-06,18.19
2022-12-05,17.98
2022-12-02,18.49
2022-12-01,17.51
2022-11-30,17.78
2022-11-29,17.76
2022-11-28,18.12
2022-11-25,16.97
2022-11-24,16.85
2022-11-23,17.92
2022-11-22,19.09
2022-11-21,19.81
2022-11-18,19.87
2022-11-17,20.09
2022-11-16,19.87
2022-11-15,19.63
2022-11-14,20.32
2022-11-11,19.97
2022-11-10,21.21
2022-11-09,20.1
2022-11-08,19.99
2022-11-07,20.82
2022-11-04,20.84
2022-11-03,21.21
2022-11-02,21.13
2022-11-01,21.11
2022-10-31,21.97
2022-10-28,22.71
2022-10-27,22.12
2022-10-26,23.42
2022-10-25,24.23
2022-10-24,24.62
2022-10-21,23.94
2022-10-20,24.04
2022-10-19,23.21
2022-10-18,22.86
2022-10-17,24.4
2022-10-14,23.94
2022-10-13,27.22
2022-10-12,24.69
2022-10-11,25.78
2022-10-07,23.93
2022-10-06,23.37
2022-10-05,24.36
2022-10-04,24.99
2022-09-30,27.19
2022-09-29,25.96
2022-09-28,26.59
2022-09-27,23.62
2022-09-26,24.02
2022-09-23,20.33
2022-09-22,20.47
2022-09-21,20.8
2022-09-20,19.28
2022-09-19,19.64
2022-09-16,19.13
2022-09-15,18.39
2022-09-14,18.73
2022-09-13,16.68
2022-09-08,19.17
2022-09-07,19.85
2022-09-06,18.49
2022-09-05,18.87
2022-09-02,19.07
2022-09-01,19.2
2022-08-31,17.31
2022-08-30,17.47
2022-08-29,18.72
2022-08-26,16.19
2022-08-25,16.19
2022-08-24,17.48
2022-08-23,17.72
2022-08-22,16.76
2022-08-19,15.73
2022-08-18,15.77
2022-08-17,15.51
2022-08-16,15.42
2022-08-12,15.45
2022-08-11,15.74
2022-08-10,17.18
2022-08-09,16.5
2022-08-08,17.15
2022-08-05,17
2022-08-04,17.7
2022-08-03,18.45
2022-08-02,19.24
2022-08-01,18.22
2022-07-29,17.79
2022-07-28,18.36
2022-07-27,19.39
2022-07-26,19.38
2022-07-25,19.97
2022-07-22,19.71
2022-07-21,20.02
2022-07-20,20.31
2022-07-19,20.74
2022-07-18,20.53
2022-07-15,22.08
2022-07-14,23.32
2022-07-13,23.3
2022-07-12,23.33
2022-07-11,23.33
2022-07-08,23
2022-07-07,23.6
2022-07-06,24.67
2022-07-05,22.73
2022-07-04,24.07
2022-07-01,23.98
2022-06-30,23.9
2022-06-29,22.46
2022-06-28,21.21
2022-06-27,22.5
2022-06-24,23.94
2022-06-23,25.92
2022-06-22,25.64
2022-06-21,23.4
2022-06-20,26.37
2022-06-17,25.79
2022-06-16,23.72
2022-06-15,24.27
2022-06-14,23.74
2022-06-13,23.3
2022-06-10,18.29
2022-06-09,17
2022-06-08,17.1
2022-06-07,18.1
2022-06-03,16.87
2022-06-02,17.6
2022-05-31,17.26
2022-05-30,17.74
2022-05-27,18.8
2022-05-26,19.91
2022-05-25,19.89
2022-05-24,20.61
2022-05-23,19.44
2022-05-20,19.1
2022-05-19,20.42
2022-05-18,18.4
2022-05-17,19.06
2022-05-16,20.27
2022-05-13,19.69
2022-05-12,22.72
2022-05-11,21.1
2022-05-10,22.11
2022-05-09,21.39
2022-05-06,20.87
2022-05-04,19.61
2022-05-03,20.25
2022-05-02,20.5
2022-04-29,18.92
2022-04-28,20.45
2022-04-27,21.98
2022-04-26,19.94
2022-04-25,21.05
2022-04-22,17.75
2022-04-21,16.77
2022-04-20,17.34
2022-04-19,17.69
2022-04-18,18.88
2022-04-15,17.77
2022-04-14,17.13
2022-04-13,17.02
2022-04-12,18.47
2022-04-11,17.57
2022-04-08,17.1
2022-04-07,17.78
2022-04-06,16.79
2022-04-05,15.91
2022-04-04,16.49
2022-04-01,17.07
2022-03-31,17.14
2022-03-30,17.88
2022-03-29,18.75
2022-03-28,19.6
2022-03-25,19.62
2022-03-24,19.73
2022-03-23,19.61
2022-03-22,21.03
2022-03-21,22.4
2022-03-18,21.93
2022-03-17,22.55
2022-03-16,23.74
2022-03-15,25.77
2022-03-14,24.7
2022-03-11,24.41
2022-03-10,25.71
2022-03-08,28.95
2022-03-07,27.84
2022-03-04,24.57
2022-03-03,22.73
2022-03-02,24.89
2022-02-28,24.41
2022-02-25,23.84
2022-02-24,27.09
2022-02-23,24.07
2022-02-22,25.34
2022-02-21,23.79
2022-02-18,23.68
2022-02-17,23.28
2022-02-16,21.94
2022-02-15,24.62
2022-02-14,23.84
2022-02-11,20.92
2022-02-10,19.21
2022-02-09,19.68
2022-02-08,21.06
2022-02-07,21.59
2022-02-04,21.02
2022-02-03,22.92
2022-01-28,23.97
2022-01-27,27.94
2022-01-26,24.83
2022-01-25,26.26
2022-01-24,21.48
2022-01-21,19.36
2022-01-20,17.99
2022-01-19,18.76
2022-01-18,18.16
2022-01-17,17.53
2022-01-14,16.97
2022-01-13,15.96
2022-01-12,15.91
2022-01-11,17.27
2022-01-10,17.41
2022-01-07,16.99
2022-01-06,17.52
2022-01-05,16.58
2022-01-04,16
2022-01-03,16.57
2021-12-30,16.5
2021-12-29,16.55
2021-12-28,17.07
2021-12-27,17.46
2021-12-24,16.5
2021-12-23,16.93
2021-12-22,17.42
2021-12-21,18.32
2021-12-20,19.52
2021-12-17,17.02
2021-12-16,16.98
2021-12-15,18.43
2021-12-14,18.4
2021-12-13,18
2021-12-10,17.39
2021-12-09,16.65
2021-12-08,17.69
2021-12-07,18.48
2021-12-06,20.91
2021-12-03,20.09
2021-12-02,21.02
2021-12-01,20.57
2021-11-30,23.23
2021-11-29,20.92
2021-11-26,18.04
2021-11-25,16.16
2021-11-24,16.27
2021-11-23,16.5
2021-11-22,16.17
2021-11-19,16.25
2021-11-18,16.74
2021-11-17,16.51
2021-11-16,15.97
2021-11-15,15.9
2021-11-12,16.18
2021-11-11,16.98
2021-11-10,18.19
2021-11-09,18
2021-11-08,18.24
2021-11-05,18.02
2021-11-04,17.6
2021-11-03,18.36
2021-11-02,17.28
2021-11-01,18.33
2021-10-29,18.55
2021-10-28,17.09
2021-10-27,16.88
2021-10-26,16.11
2021-10-25,17.03
2021-10-22,17.2
2021-10-21,17.68
2021-10-20,17.73
2021-10-19,17.24
2021-10-18,18.01
2021-10-15,17.03
2021-10-14,18.21
2021-10-13,20.54
2021-10-12,22.4
2021-10-08,20.47
2021-10-07,20.54
2021-10-06,21.84
2021-10-05,21.22
2021-10-01,18.91
2021-09-30,17.35
2021-09-29,17.87
2021-09-28,16.45
2021-09-27,15.92
2021-09-24,16.33
2021-09-23,16.72
2021-09-17,15.48
2021-09-16,15.44
2021-09-15,14.66
2021-09-14,14.67
2021-09-13,15.28
2021-09-10,15.18
2021-09-09,16.02
2021-09-08,14.73
2021-09-07,14.18
2021-09-06,14.24
2021-09-03,14.62
2021-09-02,15.25
2021-09-01,14.96
2021-08-31,14.76
2021-08-30,15.88
2021-08-27,16.17
2021-08-26,16.15
2021-08-25,15.48
2021-08-24,15.62
2021-08-23,17.29
2021-08-20,18.92
2021-08-19,17.82
2021-08-18,15.48
2021-08-17,16.34
2021-08-13,15.45
2021-08-12,14.09
2021-08-11,15.12
2021-08-10,14.52
2021-08-09,14.28
2021-08-06,14.18
2021-08-05,14.53
2021-08-04,14.77
2021-08-03,14.78
2021-08-02,15.77
2021-07-30,17.3
2021-07-29,15.58
2021-07-28,16.11
2021-07-27,15.75
2021-07-26,16.05
2021-07-23,14.42
2021-07-22,14.6
2021-07-21,16.12
2021-07-20,15.68
2021-07-19,15.25
2021-07-16,13.23
2021-07-15,13.04
2021-07-14,12.97
2021-07-13,12.55
2021-07-12,13.62
2021-07-09,15.12
2021-07-08,14.19
2021-07-07,13.29
2021-07-06,12.71
2021-07-05,13.11
2021-07-02,13.74
2021-07-01,14.33
2021-06-30,14.17
2021-06-29,14.52
2021-06-28,14.8
2021-06-25,14.82
2021-06-24,14.84
2021-06-23,14.75
2021-06-22,15.11
2021-06-21,16.28
2021-06-18,14.62
2021-06-17,14.98
2021-06-16,14.7
2021-06-15,14.33
2021-06-14,14.46
2021-06-11,14.51
2021-06-10,15.44
2021-06-09,16.58
2021-06-08,16.24
2021-06-07,17.04
2021-06-04,17.43
2021-06-03,17.48
2021-06-02,16.63
2021-06-01,16.48
2021-05-31,17.04
2021-05-28,17.31
2021-05-27,18.29
2021-05-26,18.68
2021-05-25,18.99
2021-05-24,20.59
2021-05-21,20.09
2021-05-20,19.12
2021-05-18,18.23
2021-05-17,19.29
2021-05-14,19.32
2021-05-13,21.9
2021-05-12,22.17
2021-05-11,20
2021-05-10,17.34
2021-05-07,16.43
2021-05-06,17
2021-05-04,16.89
2021-05-03,18.09
2021-04-30,18.84
2021-04-29,18.92
2021-04-28,18.92
2021-04-27,18.1
2021-04-26,18.36
2021-04-23,18.33
2021-04-22,17.86
2021-04-21,18.95
2021-04-20,17.96
2021-04-19,18.04
2021-04-16,17.61
2021-04-15,17.6
2021-04-14,16.49
2021-04-13,17.11
2021-04-12,16.54
2021-04-09,16.69
2021-04-08,16.19
2021-04-07,17.45
2021-04-06,18.34
2021-04-05,18.97
2021-04-02,19.51
2021-04-01,19.88
2021-03-31,20.44
2021-03-30,20.64
2021-03-29,21.01
2021-03-26,20.36
2021-03-25,21.69
2021-03-24,22.71
2021-03-23,23.19
2021-03-22,23.7
2021-03-19,23.61
2021-03-18,22.69
2021-03-17,24.53
2021-03-16,24.28
2021-03-15,25.9
2021-03-12,25.64
2021-03-11,26.45
2021-03-10,28.85
2021-03-09,29.78
2021-03-08,29.48
2021-03-05,29.09
2021-03-04,29.5
2021-03-03,28.31
2021-03-02,30.97
2021-02-26,31.34
2021-02-25,27.92
2021-02-24,28.93
2021-02-23,27.16
2021-02-22,27.64
2021-02-19,26.86
2021-02-18,26.1
2021-02-17,25.58
2021-02-16,25.08
2021-02-15,26.22
2021-02-10,26.43
2021-02-09,25.21
2021-02-08,27.33
2021-02-05,28.65
2021-02-04,32.06
2021-02-03,31.29
2021-02-02,33.4
2021-02-01,34.16
2021-01-29,35.73
2021-01-28,33.09
2021-01-27,29.41
2021-01-26,29.99
2021-01-25,28.97
2021-01-22,29.36
2021-01-21,30.63
2021-01-20,33.32
2021-01-19,34.08
2021-01-18,33.18
2021-01-15,31.56
2021-01-14,29.68
2021-01-13,32
2021-01-12,34.95
2021-01-11,35.65
2021-01-08,29.18
2021-01-07,26.75
2021-01-06,27.6
2021-01-05,26.22
2021-01-04,24.81
2020-12-30,22.09
2020-12-29,21.63
2020-12-28,23.14
2020-12-24,21.53
2020-12-23,21.52
2020-12-22,22.85
2020-12-21,20.54
2020-12-18,19.57
2020-12-17,19.85
2020-12-16,20.4
2020-12-15,21.27
2020-12-14,21.25
2020-12-11,19.85
2020-12-10,20.03
2020-12-09,20.15
2020-12-08,20.7
2020-12-07,21.3
2020-12-04,21.01
2020-12-03,20.02
2020-12-02,20.18
2020-12-01,20.21
2020-11-30,20.77
2020-11-27,19.66
2020-11-26,20
2020-11-25,20.82
2020-11-24,19.81
2020-11-23,19.79
2020-11-20,19.21
2020-11-19,19.41
2020-11-18,19.63
2020-11-17,19.72
2020-11-16,20.5
2020-11-13,19.77
2020-11-12,19.85
2020-11-11,20.68
2020-11-10,21.02
2020-11-09,21.58
2020-11-06,21.74
2020-11-05,22.16
2020-11-04,24.75
2020-11-03,26.54
2020-11-02,28.65
2020-10-30,31.97
2020-10-29,25.9
2020-10-28,23.29
2020-10-27,23.58
2020-10-26,22.94
2020-10-23,21.9
2020-10-22,22.54
2020-10-21,21.88
2020-10-20,22.18
2020-10-19,22.51
2020-10-16,22.03
2020-10-15,21.47
2020-10-14,20.97
2020-10-13,20.34
2020-10-12,20.36
2020-10-08,21
2020-10-07,21.55
2020-10-06,22.29
2020-10-05,23.87
2020-09-29,24.15
2020-09-28,25.01
2020-09-25,26.13
2020-09-24,27.21
2020-09-23,24.64
2020-09-22,25.2
2020-09-21,23.31
2020-09-18,21.59
2020-09-17,22.31
2020-09-16,21.05
2020-09-15,20.97
2020-09-14,21.28
2020-09-11,21.68
2020-09-10,22.14
2020-09-09,24.73
2020-09-08,23.87
2020-09-07,25.85
2020-09-04,27.83
2020-09-03,25.3
2020-09-02,26.26
2020-09-01,27.59
2020-08-31,27.77
2020-08-28,26.4
2020-08-27,27.22
2020-08-26,25.44
2020-08-25,24.63
2020-08-24,26.44
2020-08-21,26.89
2020-08-20,28.18
2020-08-19,24.38
2020-08-18,25.21
2020-08-14,22.58
2020-08-13,22.12
2020-08-12,22.86
2020-08-11,22.98
2020-08-10,22.94
2020-08-07,22.07
2020-08-06,22.06
2020-08-05,21.58
2020-08-04,22.42
2020-08-03,23.52
2020-07-31,23.57
2020-07-30,22.91
2020-07-29,23.33
2020-07-28,22.92
2020-07-27,22.96
2020-07-24,22.5
2020-07-23,21
2020-07-22,20.82
2020-07-21,21.09
2020-07-20,22.37
2020-07-17,22.34
2020-07-16,23.48
2020-07-15,23.63
2020-07-14,24.45
2020-07-13,23.63
2020-07-10,24.83
2020-07-09,23.38
2020-07-08,25.04
2020-07-07,24.85
2020-07-06,24.02
2020-07-03,24.78
2020-07-02,27.45
2020-07-01,29.9
2020-06-30,31.07
2020-06-29,33.58
2020-06-26,30.56
2020-06-25,33.12
2020-06-24,30.2
2020-06-23,31.73
2020-06-22,34.03
2020-06-19,34.04
2020-06-18,37.3
2020-06-17,37.05
2020-06-16,35.9
2020-06-15,39.69
2020-06-12,32.88
2020-06-11,26.79
2020-06-10,26.06
2020-06-09,26.53
2020-06-08,27.4
2020-06-05,25.45
2020-06-04,25.69
2020-06-03,25.74
2020-06-02,25
2020-06-01,24.94
2020-05-29,25.64
2020-05-28,25.24
2020-05-27,24.47
2020-05-26,23.8
2020-05-25,25.27
2020-05-22,27.74
2020-05-21,23.57
2020-05-20,24.85
2020-05-19,25
2020-05-18,27.04
2020-05-15,26.96
2020-05-14,26.79
2020-05-13,25.75
2020-05-12,27.79
2020-05-11,29.33
2020-05-08,28.77
2020-05-07,31.31
2020-05-06,31.81
2020-05-04,36.36
2020-04-29,30.51
2020-04-28,32.64
2020-04-27,35.15
2020-04-24,37.54
2020-04-23,34.46
2020-04-22,36.55
2020-04-21,36.53
2020-04-20,33.29
2020-04-17,31.44
2020-04-16,34.82
2020-04-14,36.04
2020-04-13,39.69
2020-04-10,35.84
2020-04-09,35.55
2020-04-08,40.05
2020-04-07,36.14
2020-04-06,38.26
2020-04-03,45.34
2020-04-02,47.24
2020-04-01,50
2020-03-31,48.55
2020-03-30,54.83
2020-03-27,54.62
2020-03-26,52.76
2020-03-25,49.32
2020-03-24,53.78
2020-03-23,62.5
2020-03-20,60.73
2020-03-19,69.24
2020-03-18,62.8
2020-03-17,64.49
2020-03-16,64.56
2020-03-13,53.86
2020-03-12,43.07
2020-03-11,37.6
2020-03-10,34.8
2020-03-09,36.21
2020-03-06,27.47
2020-03-05,23.66
2020-03-04,26.76
2020-03-03,29.49
2020-03-02,32.66
2020-02-28,33.81
2020-02-27,26.84
2020-02-26,25.1
2020-02-25,22.72
2020-02-24,23.65
2020-02-21,19.8
2020-02-20,18.24
2020-02-19,18.19
2020-02-18,18.25
2020-02-17,17.16
2020-02-14,16.85
2020-02-13,16.68
2020-02-12,16.95
2020-02-11,18.16
2020-02-10,18.22
2020-02-07,17.53
2020-02-06,17.81
2020-02-05,18.23
2020-02-04,18.39
2020-02-03,19.32
2020-01-31,19.29
2020-01-30,18.38
2020-01-29,16.99
2020-01-28,18.32
2020-01-23,15.3
2020-01-22,14.29
2020-01-21,14.41
2020-01-20,13.64
2020-01-17,13.6
2020-01-16,13.58
2020-01-15,13.37
2020-01-14,13.41
2020-01-13,13.26
2020-01-10,12.81
2020-01-09,13.58
2020-01-08,15.97
2020-01-07,15.08
2020-01-06,15.88
2020-01-03,15.88
2020-01-02,15.4
2019-12-30,14.69
2019-12-27,14.13
2019-12-26,14.15
2019-12-24,13.81
2019-12-23,13.97
2019-12-20,13.08
2019-12-19,13.2
2019-12-18,13.01
2019-12-17,13.05
2019-12-16,13.27
2019-12-13,13.12
2019-12-12,13.39
2019-12-11,13.4
2019-12-10,13.33
2019-12-09,13.61
2019-12-06,13.91
2019-12-05,14.55
2019-12-04,14.37
2019-12-03,14.26
2019-12-02,13.96
2019-11-29,13.96
2019-11-28,13.77
2019-11-27,13.85
2019-11-26,14.21
2019-11-25,13.91
2019-11-22,13.88
2019-11-21,14.52
2019-11-20,14.11
2019-11-19,13.52
2019-11-18,13.34
2019-11-15,13.11
2019-11-14,13.42
2019-11-13,13.85
2019-11-12,13.65
2019-11-11,14.21
2019-11-08,13.79
2019-11-07,13.78
2019-11-06,13.89
2019-11-05,13.42
2019-11-04,13.32
2019-11-01,13.22
2019-10-31,13.59
2019-10-30,13.85
2019-10-29,13.48
2019-10-28,13.64
2019-10-25,13.42
2019-10-24,13.2
2019-10-23,13.22
2019-10-22,13.09
2019-10-21,13.84
2019-10-18,13.85
2019-10-17,13.34
2019-10-16,13.27
2019-10-15,13.8
2019-10-14,14.3
2019-10-11,14.84
2019-10-10,15.63
2019-10-08,15.37
2019-10-07,16.25
2019-10-04,16.31
2019-10-02,15.86
2019-10-01,14.89
2019-09-30,15.15
2019-09-27,14.85
2019-09-26,15.06
2019-09-25,15.62
2019-09-24,14.69
2019-09-23,14.7
2019-09-20,14.08
2019-09-19,14.26
2019-09-18,14.76
2019-09-17,14.63
2019-09-16,14.41
2019-09-11,13.5
2019-09-10,13.43
2019-09-09,14.37
2019-09-06,14.54
2019-09-05,15.07
2019-09-04,15.97
2019-09-03,16.53
2019-09-02,16.15
2019-08-30,15.75
2019-08-29,16.81
2019-08-28,16.46
2019-08-27,16.66
2019-08-26,17.33
2019-08-23,15.55
2019-08-22,15.23
2019-08-21,15.18
2019-08-20,14.99
2019-08-19,16.41
2019-08-16,17.06
2019-08-14,16.09
2019-08-13,17.25
2019-08-12,15.34
2019-08-09,15.91
2019-08-08,16.47
2019-08-07,19.24
2019-08-06,20.62
2019-08-05,19.08
2019-08-02,16.01
2019-08-01,15.22
2019-07-31,15.29
2019-07-30,14.96
2019-07-29,15.08
2019-07-26,14.34
2019-07-25,14.09
2019-07-24,13.75
2019-07-23,13.16
2019-07-22,13.67
2019-07-19,13.11
2019-07-18,13.8
2019-07-17,13.04
2019-07-16,12.57
2019-07-15,13.03
2019-07-12,12.81
2019-07-11,13.96
2019-07-10,14.63
2019-07-09,14.43
2019-07-08,14.48
2019-07-05,13.16
2019-07-04,13.15
2019-07-03,13.5
2019-07-02,13.41
2019-07-01,14.03
2019-06-28,14.43
2019-06-27,13.94
2019-06-26,14.05
2019-06-25,14.09
2019-06-24,13.99
2019-06-21,13.77
2019-06-20,13.67
2019-06-19,14.4
2019-06-18,14.54
2019-06-17,14.68
2019-06-14,14.4
2019-06-13,14.89
2019-06-12,14.96
2019-06-11,14.85
2019-06-10,14.94
2019-06-07,15.79
2019-06-05,16.46
2019-06-04,17.4
2019-06-03,17.32
2019-05-31,17.32
2019-05-30,16.67
2019-05-29,17.32
2019-05-28,17.01
2019-05-27,17.07
2019-05-24,16.66
2019-05-23,16.4
2019-05-22,16.1
2019-05-21,15.66
2019-05-20,15.9
2019-05-17,16.03
2019-05-16,16.6
2019-05-15,16.63
2019-05-14,18.05
2019-05-13,18.38
2019-05-10,18.53
2019-05-09,18.28
2019-05-08,15.83
2019-05-07,14.61
2019-05-03,13.54
2019-05-02,13.72
2019-04-30,13.28
2019-04-29,13.22
2019-04-26,12.98
2019-04-25,12.88
2019-04-24,12.9
2019-04-23,12.72
2019-04-22,12.89
2019-04-19,12.45
2019-04-18,12.85
2019-04-17,12.65
2019-04-16,12.66
2019-04-15,12.92
2019-04-12,12.41
2019-04-11,12.29
2019-04-10,30.4
2019-04-09,12.67
2019-04-08,13.15
2019-04-05,13.59
2019-04-04,13.6
2019-04-03,13.29
2019-04-02,13.34
2019-04-01,13.73
2019-03-29,14.29
2019-03-28,14.92
2019-03-27,14.67
2019-03-26,14.82
2019-03-25,15.06
2019-03-22,13.1
2019-03-21,13.48
2019-03-20,13.95
2019-03-19,13.6
2019-03-18,13.9
2019-03-15,13.6
2019-03-14,13.96
2019-03-13,14.79
2019-03-12,14.6
2019-03-11,15.58
2019-03-08,15.17
2019-03-07,14.55
2019-03-06,14.53
2019-03-05,14.75
2019-03-04,15.01
2019-02-28,15.49
2019-02-27,14.54
2019-02-26,14.63
2019-02-25,14.59
2019-02-22,14.2
2019-02-21,14.53
2019-02-20,14.64
2019-02-19,15.15
2019-02-18,14.29
2019-02-15,14.24
2019-02-14,13.76
2019-02-13,15.77
2019-02-12,14.88
2019-02-11,14.87
2019-02-08,14.83
2019-02-07,14.75
2019-02-01,14.86
2019-01-31,15.51
2019-01-30,16.99
2019-01-29,15.18
2019-01-28,14.94
2019-01-25,14.42
2019-01-24,14.03
2019-01-23,14.8
2019-01-22,14.93
2019-01-21,14.64
2019-01-18,14.32
2019-01-17,14.98
2019-01-16,14.62
2019-01-15,15.06
2019-01-14,14.97
2019-01-11,14.67
2019-01-10,15.01
2019-01-09,15.45
2019-01-08,16.13
2019-01-07,16.67
2019-01-04,17.96
2019-01-03,19.25
2019-01-02,19.74
2018-12-28,18.99
2018-12-27,19.26
2018-12-26,21.74
2018-12-24,19.49
2018-12-21,18.67
2018-12-20,18.57
2018-12-19,17.85
2018-12-18,17.98
2018-12-17,17.44
2018-12-14,17.65
2018-12-13,15.87
2018-12-12,17.25
2018-12-11,18.62
2018-12-10,19.82
2018-12-07,18.15
2018-12-06,18.96
2018-12-05,17.1
2018-12-04,16.75
2018-12-03,16.62
2018-11-30,18.57
2018-11-29,17.99
2018-11-28,17.54
2018-11-27,17.46
2018-11-26,17.82
2018-11-23,18.48
2018-11-22,18.41
2018-11-21,18.91
2018-11-20,18.55
2018-11-19,17.72
2018-11-16,18.15
2018-11-15,18.32
2018-11-14,18.94
2018-11-13,18.62
2018-11-12,16.69
2018-11-09,15.79
2018-11-08,16.6
2018-11-07,19.25
2018-11-06,19.89
2018-11-05,19.73
2018-11-02,18.11
2018-11-01,19.7
2018-10-31,20.49
2018-10-30,21.91
2018-10-29,23.03
2018-10-26,22.42
2018-10-25,20.68
2018-10-24,18.93
2018-10-23,19.04
2018-10-22,16.24
2018-10-19,15.96
2018-10-18,16.4
2018-10-17,16.08
2018-10-16,18.05
2018-10-15,18.4
2018-10-12,17.18
2018-10-11,19.49
2018-10-10,14.72
2018-10-08,14.01
2018-10-05,13.06
2018-10-04,12.93
2018-10-02,11.81
2018-10-01,11.6
2018-09-28,11.24
2018-09-27,11.35
2018-09-21,11.09
2018-09-20,10.97
2018-09-19,11.42
2018-09-18,11.62
2018-09-17,11.56
2018-09-14,10.66
2018-09-13,11.51
2018-09-12,12.01
2018-09-11,12.29
2018-09-10,12.56
2018-09-07,12.72
2018-09-06,12.44
2018-09-05,12.6
2018-09-04,11.63
2018-09-03,11.99
2018-08-31,11.64
2018-08-30,11.43
2018-08-29,11.38
2018-08-28,11.66
2018-08-27,11.74
2018-08-24,11.61
2018-08-23,12.01
2018-08-22,12.29
2018-08-21,12.43
2018-08-20,13.64
2018-08-17,13.79
2018-08-16,14.32
2018-08-14,13.13
2018-08-13,14.21
2018-08-10,12.14
2018-08-09,11.44
2018-08-08,12.02
2018-08-07,12.04
2018-08-06,12.49
2018-08-03,12.4
2018-08-02,13.47
2018-08-01,12.51
2018-07-31,13.05
2018-07-30,13.2
2018-07-27,12.67
2018-07-26,13.17
2018-07-25,13.89
2018-07-24,14.09
2018-07-23,14.66
2018-07-20,13.93
2018-07-19,14.27
2018-07-18,14
2018-07-17,13.8
2018-07-16,13.57
2018-07-13,13.06
2018-07-12,14.11
2018-07-11,14.83
2018-07-10,13.89
2018-07-09,14.81
2018-07-06,16.28
2018-07-05,17.34
2018-07-04,17.49
2018-07-03,17.76
2018-07-02,18.34
2018-06-29,16.04
2018-06-28,16.7
2018-06-27,16.08
2018-06-26,15.74
2018-06-25,15.48
2018-06-22,15.17
2018-06-21,15.85
2018-06-20,15.38
2018-06-19,16.74
2018-06-18,15.09
2018-06-15,13.65
2018-06-14,13.18
2018-06-12,12.81
2018-06-11,13.25
2018-06-08,12.96
2018-06-07,12.35
2018-06-05,12.51
2018-06-04,12.67
2018-06-01,13.18
2018-05-31,14.55
2018-05-30,15.52
2018-05-29,12.93
2018-05-28,12.55
2018-05-25,12.5
2018-05-24,12.84
2018-05-23,12.82
2018-05-21,12.94
2018-05-18,12.69
2018-05-17,13.09
2018-05-16,12.69
2018-05-15,12.8
2018-05-14,11.71
2018-05-11,11.25
2018-05-10,11.95
2018-05-09,12.73
2018-05-08,13.39
2018-05-04,13.31
2018-05-03,13.66
2018-05-02,13.63
2018-04-30,13.59
2018-04-27,14.05
2018-04-26,14.57
2018-04-25,14.86
2018-04-24,14.3
2018-04-23,13.58
2018-04-20,12.91
2018-04-19,12.6
2018-04-18,12.92
2018-04-17,13.35
2018-04-16,13.91
2018-04-13,13.81
2018-04-12,15.24
2018-04-11,15.65
2018-04-10,15.11
2018-04-09,16.5
2018-04-06,17.35
2018-04-05,17.03
2018-04-04,18.86
2018-04-03,18.61
2018-04-02,18.3
2018-03-30,17.54
2018-03-29,18.94
2018-03-28,19.81
2018-03-27,18.16
2018-03-26,19.29
2018-03-23,20.21
2018-03-22,16.24
2018-03-21,16.73
2018-03-20,16.47
2018-03-19,16.3
2018-03-16,15.52
2018-03-15,15.52
2018-03-14,15.16
2018-03-13,15.05
2018-03-12,15.13
2018-03-09,14.8
2018-03-08,15.49
2018-03-07,17.6
2018-03-06,16.67
2018-03-05,18.69
2018-03-02,17.39
2018-02-28,15.55
2018-02-27,14.53
2018-02-26,15.11
2018-02-23,15.49
2018-02-22,16.85
2018-02-21,16.56
2018-02-20,17.1
2018-02-19,16.66
2018-02-14,18.52
2018-02-13,20.14
2018-02-12,21.67
2018-02-09,23.73
2018-02-08,18.21
2018-02-07,23.04
2018-02-06,22.61
2018-02-05,16.24
2018-02-02,14.34
2018-02-01,13.98
2018-01-31,14.54
2018-01-30,14.23
2018-01-29,13.42
2018-01-26,12.52
2018-01-25,12.48
2018-01-24,12.76
2018-01-23,12.75
2018-01-22,13.09
2018-01-19,12.67
2018-01-18,12.53
2018-01-17,12.21
2018-01-16,11.81
2018-01-15,11.78
2018-01-12,11
2018-01-11,11.19
2018-01-10,12.12
2018-01-09,12.03
2018-01-08,12.31
2018-01-05,11.92
2018-01-04,12.22
2018-01-03,12.64
2018-01-02,12.66
2017-12-28,12.06
2017-12-27,12.9
2017-12-26,12.93
2017-12-22,11.92
2017-12-21,12.72
2017-12-20,11.87
2017-12-19,11.75
2017-12-18,11.4
2017-12-15,11.06
2017-12-14,11.76
2017-12-13,11.18
2017-12-12,12.16
2017-12-11,12.46
2017-12-08,13.04
2017-12-07,13.66
2017-12-06,13.58
2017-12-05,12.98
2017-12-04,13.23
2017-12-01,13.26
2017-11-30,13.2
2017-11-29,12.23
2017-11-28,12
2017-11-27,12.43
2017-11-24,11.49
2017-11-23,11.5
2017-11-22,11.47
2017-11-21,11.53
2017-11-20,11.79
2017-11-17,11.29
2017-11-16,11.33
2017-11-15,12.03
2017-11-14,11.64
2017-11-13,11.81
2017-11-10,11.11
2017-11-09,11.97
2017-11-08,13.22
2017-11-07,13.92
2017-11-06,13.79
2017-11-03,13.09
2017-11-02,12.99
2017-11-01,12.69
2017-10-31,12.06
2017-10-30,12.39
2017-10-27,12.21
2017-10-26,12.57
2017-10-25,12.37
2017-10-24,12.29
2017-10-23,12.23
2017-10-20,11.93
2017-10-19,12.4
2017-10-18,12.08
2017-10-17,12
2017-10-16,11.92
2017-10-13,11.46
2017-10-12,12.18
2017-10-11,13.2
2017-10-10,13.86
2017-09-29,13.41
2017-09-28,12.65
2017-09-27,12.37
2017-09-26,12.65
2017-09-25,12.36
2017-09-22,12.32
2017-09-21,11.56
2017-09-20,11.69
2017-09-19,11.34
2017-09-18,11.34
2017-09-15,11.12
2017-09-14,11.53
2017-09-13,13.4
2017-09-12,13.46
2017-09-11,13.89
2017-09-08,14.99
2017-09-07,14.66
2017-09-06,16.29
2017-09-05,16.12
2017-09-04,15.23
2017-09-01,13.36
2017-08-31,13.64
2017-08-30,12.94
2017-08-29,13.72
2017-08-28,13.05
2017-08-25,12.18
2017-08-24,12.17
2017-08-23,12.61
2017-08-22,12.65
2017-08-21,13.41
2017-08-18,13.1
2017-08-17,12.19
2017-08-16,14.09
2017-08-14,16.75
2017-08-11,18.96
2017-08-10,16.55
2017-08-09,15.7
2017-08-08,12.54
2017-08-07,12.62
2017-08-04,12.78
2017-08-03,13.48
2017-08-02,11.41
2017-08-01,11.66
2017-07-31,12.79
2017-07-28,12.93
2017-07-27,10.38
2017-07-26,10.52
2017-07-25,10.36
2017-07-24,10.06
2017-07-21,9.82
2017-07-20,10.39
2017-07-19,10.62
2017-07-18,10.74
2017-07-17,10.78
2017-07-14,10.43
2017-07-13,10.93
2017-07-12,11.73
2017-07-11,12.09
2017-07-10,12.55
2017-07-07,12.97
2017-07-06,12.99
2017-07-05,13.18
2017-07-04,14.03
2017-07-03,12.3
2017-06-30,12
2017-06-29,11.65
2017-06-28,11.98
2017-06-27,11.74
2017-06-26,11.87
2017-06-23,11.31
2017-06-22,11.18
2017-06-21,11.63
2017-06-20,11.71
2017-06-19,11.74
2017-06-16,11.46
2017-06-15,11.71
2017-06-14,11.63
2017-06-13,11.54
2017-06-12,12.09
2017-06-09,11.43
2017-06-08,12.12
2017-06-07,12.89
2017-06-05,12.97
2017-06-02,12.68
2017-06-01,12.77
2017-05-31,13.18
2017-05-30,13.6
2017-05-29,14.02
2017-05-26,13.51
2017-05-25,13.56
2017-05-24,12.95
2017-05-23,12.88
2017-05-22,12.79
2017-05-19,12.88
2017-05-18,13.18
2017-05-17,12.83
2017-05-16,12.51
2017-05-15,12.89
2017-05-12,12.32
2017-05-11,14.72
2017-05-10,16.15
2017-05-08,15.74
2017-05-04,13.77
2017-05-02,13.18
2017-04-28,12.27
2017-04-27,11.82
2017-04-26,12.18
2017-04-25,12.02
2017-04-24,12.77
2017-04-21,12.89
2017-04-20,13.3
2017-04-19,14.87
2017-04-18,15.38
2017-04-17,15.81
2017-04-14,16.4
2017-04-13,14.53
2017-04-12,15.75
2017-04-11,16.68
2017-04-10,14.77
2017-04-07,12.63
2017-04-06,11.82
2017-04-05,11.1
2017-04-04,10.94
2017-04-03,11.01
2017-03-31,11.06
2017-03-30,11.2
2017-03-29,11.55
2017-03-28,12.25
2017-03-27,12.97
2017-03-24,12.36
2017-03-23,12.75
2017-03-22,13.16
2017-03-21,12.64
2017-03-20,11.74
2017-03-17,11.25
2017-03-16,11.27
2017-03-15,11.38
2017-03-14,11.11
2017-03-13,10.7
2017-03-10,10.67
2017-03-09,11.96
2017-03-08,11.3
2017-03-07,11.19
2017-03-06,11.28
2017-03-03,10.97
2017-03-02,10.55
2017-02-28,10.64
2017-02-27,10.62
2017-02-24,10.19
2017-02-23,9.79
2017-02-22,9.72
2017-02-21,10
2017-02-20,10.17
2017-02-17,10.02
2017-02-16,10.14
2017-02-15,10.19
2017-02-14,10.47
2017-02-13,10.49
2017-02-10,10.39
2017-02-09,10.92
2017-02-08,11.31
2017-02-07,11.71
2017-02-06,11.96
2017-02-03,11.93
2017-02-02,12.21
2017-02-01,12.1
2017-01-31,12.53
2017-01-26,11.59
2017-01-25,12.12
2017-01-24,12.49
2017-01-23,12.91
2017-01-20,12.72
2017-01-19,12.56
2017-01-18,12.25
2017-01-17,11.81
2017-01-16,11.8
2017-01-13,10.96
2017-01-12,12.03
2017-01-11,11.39
2017-01-10,10.97
2017-01-09,11.13
2017-01-06,11
2017-01-05,11.12
2017-01-04,10.9
2017-01-03,11.24
2017-01-02,11.68
2016-12-29,11.51
2016-12-28,11.22
2016-12-27,11.5
2016-12-26,11.37
2016-12-23,11.09
2016-12-22,11.09
2016-12-21,11.08
2016-12-20,11.03
2016-12-19,11.28
2016-12-16,10.92
2016-12-15,11.04
2016-12-14,11.31
2016-12-13,11.39
2016-12-12,11.85
2016-12-09,11.84
2016-12-08,11.68
2016-12-07,11.68
2016-12-06,12.29
2016-12-05,13.16
2016-12-02,13.49
2016-12-01,12.94
2016-11-30,12.8
2016-11-29,12.96
2016-11-28,12.78
2016-11-25,12.51
2016-11-24,12.42
2016-11-23,12.25
2016-11-22,12.85
2016-11-21,13.86
2016-11-18,13.71
2016-11-17,14.08
2016-11-16,14.93
2016-11-15,16.23
2016-11-14,16.74
2016-11-11,15.04
2016-11-10,14.23
2016-11-09,19.26
2016-11-08,16.52
2016-11-07,17.7
2016-11-04,18.41
2016-11-03,16.94
2016-11-02,17.25
2016-11-01,14.79
2016-10-31,14.61
2016-10-28,13.23
2016-10-27,13.08
2016-10-26,13.39
2016-10-25,12.62
2016-10-24,12.8
2016-10-21,13.18
2016-10-20,13.35
2016-10-19,13.65
2016-10-18,13.92
2016-10-17,14.55
2016-10-14,14.11
2016-10-13,15.19
2016-10-12,14.75
2016-10-11,15.46
2016-10-10,14.47
2016-10-07,14.24
2016-10-06,13.83
2016-10-05,13.94
2016-10-04,13.88
2016-09-30,14.11
2016-09-29,12.33
2016-09-28,12.79
2016-09-27,12.54
2016-09-26,12.68
2016-09-23,11.88
2016-09-22,12.23
2016-09-21,14.04
2016-09-20,13.96
2016-09-19,14.01
2016-09-13,15.71
2016-09-12,16.47
2016-09-09,11.56
2016-09-08,11.13
2016-09-07,11.08
2016-09-06,10.84
2016-09-05,11.44
2016-09-02,11.75
2016-09-01,11.65
2016-08-31,11.56
2016-08-30,11.49
2016-08-29,11.98
2016-08-26,12.01
2016-08-25,11.92
2016-08-24,12.03
2016-08-23,11.87
2016-08-22,12.35
2016-08-19,11.73
2016-08-18,11.64
2016-08-17,11.82
2016-08-16,11.9
2016-08-12,11.2
2016-08-11,11.38
2016-08-10,11.68
2016-08-09,11.47
2016-08-08,12.24
2016-08-05,12.56
2016-08-04,12.72
2016-08-03,13.14
2016-08-02,12.58
2016-08-01,12.59
2016-07-29,12.6
2016-07-28,12.68
2016-07-27,12.88
2016-07-26,12.64
2016-07-25,13.02
2016-07-22,12.85
2016-07-21,12.84
2016-07-20,13.04
2016-07-19,13.49
2016-07-18,13.43
2016-07-15,13.35
2016-07-14,13.95
2016-07-13,14.41
2016-07-12,14.33
2016-07-11,14.08
2016-07-08,14.74
2016-07-07,13.85
2016-07-06,14.68
2016-07-05,12.8
2016-07-04,12.38
2016-07-01,12.91
2016-06-30,13.9
2016-06-29,14.67
2016-06-28,17.39
2016-06-27,19.47
2016-06-24,22.53
2016-06-23,18.17
2016-06-22,16.71
2016-06-21,16.1
2016-06-20,16.4
2016-06-17,17.73
2016-06-16,17.44
2016-06-15,16.21
2016-06-14,16.1
2016-06-13,15.08
2016-06-10,11.87
2016-06-09,12.08
2016-06-08,12.19
2016-06-07,12.3
2016-06-03,11.81
2016-06-02,11.6
2016-06-01,11.67
2016-05-31,11.81
2016-05-30,11.92
2016-05-27,11.55
2016-05-26,11.71
2016-05-25,11.91
2016-05-24,12.8
2016-05-23,12.46
2016-05-20,12.1
2016-05-19,12.08
2016-05-18,11.99
2016-05-17,11.7
2016-05-16,11.84
2016-05-13,11.93
2016-05-12,12.05
2016-05-11,12.79
2016-05-10,12.61
2016-05-09,13.14
2016-05-04,12.82
2016-05-03,12.51
2016-05-02,12.78
2016-04-29,12.42
2016-04-28,12.74
2016-04-27,12.74
2016-04-26,12.49
2016-04-25,12.83
2016-04-22,12.33
2016-04-21,12.19
2016-04-20,12.73
2016-04-19,12.42
2016-04-18,12.93
2016-04-15,12.11
2016-04-14,12.48
2016-04-12,12.51
2016-04-11,13.35
2016-04-08,13.07
2016-04-07,13.06
2016-04-06,13.31
2016-04-05,13.83
2016-04-04,13.25
2016-04-01,13.56
2016-03-31,12.33
2016-03-30,11.9
2016-03-29,12.3
2016-03-28,12.78
2016-03-25,12.28
2016-03-24,12.64
2016-03-23,12.71
2016-03-22,12.68
2016-03-21,13.51
2016-03-18,12.94
2016-03-17,13.26
2016-03-16,14.13
2016-03-15,13.97
2016-03-14,13.9
2016-03-11,13.52
2016-03-10,13.63
2016-03-09,14.24
2016-03-08,14.08
2016-03-07,13.96
2016-03-04,14.11
2016-03-03,14.33
2016-03-02,15.31
2016-02-29,17.56
2016-02-26,16.82
2016-02-25,16.95
2016-02-24,17.13
2016-02-23,16.61
2016-02-22,16.9
2016-02-19,17.12
2016-02-18,17.33
2016-02-17,18.55
2016-02-16,19.08
2016-02-15,21.1
2016-02-12,23.47
2016-02-11,22.55
2016-02-05,18.15
2016-02-04,16.74
2016-02-03,18.43
2016-02-02,17.38
2016-02-01,17.41
2016-01-29,17.93
2016-01-28,18.77
2016-01-27,19.19
2016-01-26,20.41
2016-01-25,19.11
2016-01-22,20.23
2016-01-21,24.15
2016-01-20,24.04
2016-01-19,20.01
2016-01-18,21.22
2016-01-15,20.7
2016-01-14,19.06
2016-01-13,18.05
2016-01-12,20.48
2016-01-11,20.06
2016-01-08,17.82
2016-01-07,19.02
2016-01-06,16.63
2016-01-05,15.92
2016-01-04,16.25
2015-12-30,14.18
2015-12-29,13.9
2015-12-28,14.54
2015-12-24,13.37
2015-12-23,13.33
2015-12-22,14.63
2015-12-21,15.24
2015-12-18,14.16
2015-12-17,14.34
2015-12-16,16.27
2015-12-15,17.59
2015-12-14,17.14
2015-12-11,15.39
2015-12-10,15.88
2015-12-09,15.66
2015-12-08,15.73
2015-12-07,15.06
2015-12-04,15.44
2015-12-03,14.86
2015-12-02,13.92
2015-12-01,13.65
2015-11-30,14.37
2015-11-27,12.86
2015-11-26,12.67
2015-11-25,12.58
2015-11-24,12.57
2015-11-23,13.09
2015-11-20,13.38
2015-11-19,13.68
2015-11-18,14.97
2015-11-17,14.99
2015-11-16,16.77
2015-11-13,14.9
2015-11-12,14.79
2015-11-11,14.68
2015-11-10,15.36
2015-11-09,14.04
2015-11-06,13.98
2015-11-05,13.69
2015-11-04,13.68
2015-11-03,13.52
2015-11-02,14.6
2015-10-30,14.22
2015-10-29,14.7
2015-10-28,14.69
2015-10-27,14.3
2015-10-26,14.22
2015-10-23,13.94
2015-10-22,14.5
2015-10-21,14.41
2015-10-20,15.49
2015-10-19,16.31
2015-10-16,15.84
2015-10-15,15.92
2015-10-14,16.49
2015-10-13,15.96
2015-10-12,16.2
2015-10-08,15.97
2015-10-07,15.89
2015-10-06,17.06
2015-10-05,17.69
2015-10-02,18.47
2015-10-01,18.44
2015-09-30,20.48
2015-09-25,19.56
2015-09-24,19.52
2015-09-23,19.71
2015-09-22,18.31
2015-09-21,19.91
2015-09-18,17.5
2015-09-17,20.76
2015-09-16,21.23
2015-09-15,22.03
2015-09-14,21.88
2015-09-11,19.86
2015-09-10,20.75
2015-09-09,18.01
2015-09-08,21.34
2015-09-07,24.14
2015-09-04,22.74
2015-09-03,20.41
2015-09-02,22.4
2015-09-01,22.09
2015-08-31,19.75
2015-08-28,18.34
2015-08-27,20.33
2015-08-26,22.99
2015-08-25,28.05
2015-08-24,28.58
2015-08-21,18.51
2015-08-20,14.92
2015-08-19,14.57
2015-08-18,14.13
2015-08-17,14.34
2015-08-13,13.93
2015-08-12,14.53
2015-08-11,13.85
2015-08-10,13.7
2015-08-07,13.51
2015-08-06,13.67
2015-08-05,12.97
2015-08-04,13.32
2015-08-03,14.03
2015-07-31,13.54
2015-07-30,13.85
2015-07-29,13.65
2015-07-28,14.09
2015-07-27,13.78
2015-07-24,13.26
2015-07-23,13.13
2015-07-22,13.47
2015-07-21,13.17
2015-07-20,13.24
2015-07-17,12.88
2015-07-16,12.68
2015-07-15,13.4
2015-07-14,14.18
2015-07-13,14.92
2015-07-10,15.41
2015-07-09,14.92
2015-07-08,15.65
2015-07-07,14.51
2015-07-06,15.4
2015-07-03,13.75
2015-07-02,13.13
2015-07-01,13.6
2015-06-30,14.45
2015-06-29,14.69
2015-06-26,12.66
2015-06-25,12.83
2015-06-24,12.72
2015-06-23,13.1
2015-06-22,14.24
2015-06-19,13.9
2015-06-18,14.2
2015-06-17,14.36
2015-06-16,14.24
2015-06-15,13.96
2015-06-12,13.3
2015-06-11,13.82
2015-06-10,15.26
2015-06-09,15.54
2015-06-08,15
2015-06-05,14.44
2015-06-04,14.52
2015-06-03,13.9
2015-06-02,13.38
2015-06-01,13.3
2015-05-29,12.59
2015-05-28,12.84
2015-05-27,13.1
2015-05-26,12.36
2015-05-22,11.62
2015-05-21,11.64
2015-05-20,11.59
2015-05-19,11.39
2015-05-18,11.62
2015-05-15,12.14
2015-05-14,12.76
2015-05-13,13.06
2015-05-12,12.72
2015-05-11,12.71
2015-05-08,12.54
2015-05-07,12.13
2015-05-06,12.4
2015-05-04,12.1
2015-04-30,11.76
2015-04-29,12.26
2015-04-28,12.48
2015-04-27,13.21
2015-04-24,13.1
2015-04-23,13.52
2015-04-22,12.32
2015-04-21,12.03
2015-04-20,12.61
2015-04-17,12.29
2015-04-16,12.5
2015-04-15,11.96
2015-04-14,12.09
2015-04-13,12.05
2015-04-10,11.37
2015-04-09,11.12
2015-04-08,11.29
2015-04-07,10.95
2015-04-06,10.92
2015-04-03,11.02
2015-04-02,11.28
2015-04-01,11.36
2015-03-31,11.09
2015-03-30,11.34
2015-03-27,11.31
2015-03-26,11.76
2015-03-25,11.71
2015-03-24,11.6
2015-03-23,11.67
2015-03-20,11.17
2015-03-19,11.38
2015-03-18,12.22
2015-03-17,11.56
2015-03-16,11.56
2015-03-13,11.45
2015-03-12,12.73
2015-03-11,12.37
2015-03-10,11.83
2015-03-09,11.68
2015-03-06,10.78
2015-03-05,10.9
2015-03-04,10.84
2015-03-03,10.82
2015-03-02,11.13
2015-02-27,11.11
2015-02-26,11.35
2015-02-25,11.43
2015-02-24,11.78
2015-02-23,11.86
2015-02-17,11.69
2015-02-16,11.64
2015-02-13,11.58
2015-02-12,12.74
2015-02-11,12.98
2015-02-10,13.12
2015-02-09,12.98
2015-02-06,13.06
2015-02-05,13.34
2015-02-04,13.14
2015-02-03,13.67
2015-02-02,14.11
2015-01-30,13.67
2015-01-29,13.84
2015-01-28,13.5
2015-01-27,13.25
2015-01-26,13.77
2015-01-23,13.2
2015-01-22,13.9
2015-01-21,13.85
2015-01-20,13.85
2015-01-19,14.08
2015-01-16,14.61
2015-01-15,13.61
2015-01-14,13.86
2015-01-13,13.34
2015-01-12,13.36
2015-01-09,12.87
2015-01-08,13.36
2015-01-07,13.72
2015-01-06,13.88
2015-01-05,12.41
2015-01-02,12.5
