년도,월,주운행선,공급차량수,공급좌석합계수,승차수입금액,승차인원수,승차연인거리,좌석거리,상행_KTX,상행_KTX-산천,상행_KTX-호남,하행_KTX,하행_KTX-산천,하행_KTX-호남,공휴일여부,평일,주말,korea_cpi,승차인원수_lag1,승차인원수_lag2,승차인원수_lag3
2015,1,0,69372,3543395,128049178500,3667299,9748048608,14822262064,1868.0,167.0,0.0,1816.0,184.0,0.0,1,17,14,0.008,0.0,0.0,0.0
2015,1,1,7916,390579,13159939900,382611,1026120838,1716874542,151.0,155.0,0.0,151.0,155.0,0.0,1,17,14,0.008,0.0,0.0,0.0
2015,1,3,4572,205635,5769306100,205812,537179861,885576340,3.0,279.0,0.0,3.0,279.0,0.0,1,17,14,0.008,0.0,0.0,0.0
2015,1,4,15824,764029,14696394300,548361,1341555631,2981704029,248.0,417.0,0.0,248.0,417.0,0.0,1,17,14,0.008,0.0,0.0,0.0
2015,2,0,63270,3245162,121361834100,3422455,9164774985,13580749259,1709.0,157.0,0.0,1664.0,170.0,0.0,3,16,12,0.005,3667299.0,0.0,0.0
2015,2,1,7352,363935,12910336300,370663,998431155,1596184336,142.0,140.0,0.0,142.0,140.0,0.0,3,16,12,0.005,382611.0,0.0,0.0
2015,2,3,4128,185470,5520571200,195223,508528822,798792656,0.0,258.0,0.0,0.0,258.0,0.0,3,16,12,0.005,205812.0,0.0,0.0
2015,2,4,14392,697328,14992460000,540367,1350173489,2721606020,230.0,373.0,0.0,230.0,373.0,0.0,3,16,12,0.005,548361.0,0.0,0.0
2015,3,0,68492,3508931,120948542600,3564537,9121807852,14672499958,1854.0,164.0,0.0,1800.0,181.0,0.0,1,18,13,0.004,3422455.0,3667299.0,0.0
2015,3,1,7916,390930,12803647100,378026,988142491,1719292500,151.0,155.0,0.0,151.0,155.0,0.0,1,18,13,0.004,370663.0,382611.0,0.0
2015,3,3,4464,200103,5247842800,187313,480666525,862314948,0.0,279.0,0.0,0.0,279.0,0.0,1,18,13,0.004,195223.0,205812.0,0.0
2015,3,4,15792,765192,14193589600,545047,1285269071,2986715369,248.0,416.0,0.0,248.0,416.0,0.0,1,18,13,0.004,540367.0,548361.0,0.0
2015,4,0,66146,3397973,120614189400,3524340,9096502432,14101296781,1800.0,86.0,34.0,1769.0,87.0,34.0,0,18,12,0.004,3564537.0,3422455.0,3667299.0
2015,4,1,6924,336465,13011099500,384127,1015588406,1485407774,91.0,208.0,20.0,91.0,208.0,20.0,0,18,12,0.004,378026.0,370663.0,382611.0
2015,4,3,6524,319307,7873441400,258382,658040274,1283309307,87.0,154.0,58.0,87.0,154.0,58.0,0,18,12,0.004,187313.0,195223.0,205812.0
2015,4,4,18000,866251,23653992900,725783,1696720018,2907273001,148.0,518.0,262.0,148.0,547.0,233.0,0,18,12,0.004,545047.0,540367.0,548361.0
2015,5,0,69858,3592956,135076041300,3894486,10271777531,14924842491,1902.0,94.0,30.0,1871.0,95.0,30.0,3,16,15,0.005,3524340.0,3564537.0,3422455.0
2015,5,1,7252,352869,13954408900,417959,1093752840,1556872261,93.0,217.0,27.0,93.0,217.0,27.0,3,16,15,0.005,384127.0,378026.0,370663.0
2015,5,3,6820,335776,9500903200,318564,808089332,1347528929,93.0,155.0,62.0,93.0,155.0,62.0,3,16,15,0.005,258382.0,187313.0,195223.0
2015,5,4,19092,924170,27114746800,843698,1976057216,3083223229,157.0,543.0,281.0,157.0,574.0,250.0,3,16,15,0.005,725783.0,545047.0,540367.0
2015,6,0,66224,3385686,87954458300,2553934,6512537121,14044702845,1802.0,85.0,36.0,1772.0,84.0,36.0,1,18,12,0.007,3894486.0,3524340.0,3564537.0
2015,6,1,6920,333549,9847068000,288391,750508421,1472372245,90.0,210.0,20.0,90.0,210.0,20.0,1,18,12,0.007,417959.0,384127.0,378026.0
2015,6,3,6600,322024,5895133300,190012,479132352,1292405904,90.0,150.0,60.0,90.0,150.0,60.0,1,18,12,0.007,318564.0,258382.0,187313.0
2015,6,4,18112,866614,17635429300,537738,1230089891,2903085363,144.0,525.0,270.0,144.0,557.0,240.0,1,18,12,0.007,843698.0,725783.0,545047.0
2015,7,0,68546,3512863,115520672700,3266411,8588649623,14565135786,1866.0,87.0,36.0,1835.0,88.0,36.0,0,18,13,0.007,2553934.0,3894486.0,3524340.0
2015,7,1,7156,345358,12374440700,359907,954165347,1524531913,93.0,217.0,21.0,93.0,217.0,21.0,0,18,13,0.007,288391.0,417959.0,384127.0
2015,7,3,6820,334120,8098786700,264437,676754213,1341018512,93.0,155.0,62.0,93.0,155.0,62.0,0,18,13,0.007,190012.0,318564.0,258382.0
2015,7,4,18896,908574,22753169400,691343,1611899006,3057227993,150.0,549.0,279.0,150.0,588.0,248.0,0,18,13,0.007,537738.0,843698.0,725783.0
2015,8,0,66974,3401486,130873144000,3554036,9462062208,13917692575,1743.0,258.0,0.0,1708.0,257.0,0.0,1,17,14,0.007,3266411.0,2553934.0,3894486.0
2015,8,1,7684,373213,14006212100,394946,1049605839,1620201899,117.0,217.0,0.0,117.0,217.0,0.0,1,17,14,0.007,359907.0,288391.0,417959.0
2015,8,3,6820,340810,9591636000,308190,816894234,1371341862,93.0,93.0,124.0,93.0,93.0,124.0,1,17,14,0.007,264437.0,190012.0,318564.0
2015,8,4,21594,1057703,25586837300,783978,1847799245,3538449555,250.0,417.0,341.0,250.0,417.0,341.0,1,17,14,0.007,691343.0,537738.0,843698.0
2015,9,0,65376,3341338,120878239500,3386469,8601109548,13675073753,1709.0,247.0,1.0,1673.0,249.0,0.0,3,18,12,0.006,3554036.0,3266411.0,2553934.0
2015,9,1,7464,362937,13927096700,397222,1027943867,1575425855,114.0,210.0,0.0,114.0,210.0,0.0,3,18,12,0.006,394946.0,359907.0,288391.0
2015,9,3,6712,337920,8885326200,286982,726126714,1358853595,90.0,90.0,127.0,90.0,90.0,127.0,3,18,12,0.006,308190.0,264437.0,190012.0
2015,9,4,21536,1073832,27096637200,839025,1908126236,3587581828,240.0,404.0,351.0,240.0,404.0,351.0,3,18,12,0.006,783978.0,691343.0,537738.0
2015,10,0,66826,3415046,132709519700,3700379,9471236728,13963293512,1749.0,253.0,0.0,1718.0,254.0,0.0,2,17,14,0.009,3386469.0,3554036.0,3266411.0
2015,10,1,7648,371881,14524901900,419731,1073179789,1615042324,116.0,217.0,0.0,116.0,217.0,0.0,2,17,14,0.009,397222.0,394946.0,359907.0
2015,10,3,6820,342400,9852533300,319081,818182697,1377712378,93.0,93.0,124.0,93.0,93.0,124.0,2,17,14,0.009,286982.0,308190.0,264437.0
2015,10,4,21568,1062858,28211553100,884729,1997162531,3555883053,248.0,418.0,341.0,248.0,418.0,341.0,2,17,14,0.009,839025.0,783978.0,691343.0
2015,11,0,64416,3304148,128724925222,3609426,9185193764,13506121821,1687.0,244.0,0.0,1657.0,243.0,0.0,0,17,13,0.01,3700379.0,3386469.0,3554036.0
2015,11,1,7392,360346,14478798232,417104,1070929269,1564770463,112.0,210.0,0.0,112.0,210.0,0.0,0,17,13,0.01,419731.0,397222.0,394946.0
2015,11,3,6600,330982,9433181434,305829,777317167,1331751538,90.0,90.0,120.0,90.0,90.0,120.0,0,17,13,0.01,319081.0,286982.0,308190.0
2015,11,4,20848,1028944,27885576424,874357,1972904695,3442988427,240.0,403.0,330.0,240.0,403.0,330.0,0,17,13,0.01,884729.0,839025.0,783978.0
2015,12,0,66078,3386944,126087109624,3556803,9077800823,13844356803,1727.0,260.0,0.0,1696.0,260.0,0.0,1,19,12,0.013,3609426.0,3700379.0,3386469.0
2015,12,1,7540,366446,14139154276,406179,1050454027,1592096949,113.0,217.0,0.0,113.0,217.0,0.0,1,19,12,0.013,417104.0,419731.0,397222.0
2015,12,3,6820,341479,9437021726,307853,784324055,1373989540,93.0,93.0,124.0,93.0,93.0,124.0,1,19,12,0.013,305829.0,319081.0,286982.0
2015,12,4,21520,1061395,27365936790,860914,1949895165,3552629441,248.0,415.0,341.0,248.0,415.0,341.0,1,19,12,0.013,874357.0,884729.0,839025.0
2016,1,0,67256,3447475,122603553333,3402142,8979712363,14095589276,1754.0,253.0,0.0,1724.0,253.0,0.0,1,16,15,0.008,3556803.0,3609426.0,3700379.0
2016,1,1,7720,377258,13545831734,385762,1021617435,1637678604,118.0,217.0,0.0,118.0,217.0,0.0,1,16,15,0.008,406179.0,417104.0,419731.0
2016,1,3,6820,342364,9590494410,309948,804408635,1377397642,93.0,93.0,124.0,93.0,93.0,124.0,1,16,15,0.008,307853.0,305829.0,319081.0
2016,1,4,21604,1067792,26711735618,812313,1917741731,3570640678,249.0,418.0,341.0,249.0,418.0,341.0,1,16,15,0.008,860914.0,874357.0,884729.0
2016,2,0,63772,3267746,122549126661,3368729,8934410274,13366002570,1665.0,239.0,4.0,1635.0,239.0,4.0,3,17,12,0.013,3402142.0,3556803.0,3609426.0
2016,2,1,7420,366498,13819620230,390929,1040077246,1586674270,113.0,167.0,42.0,113.0,167.0,42.0,3,17,12,0.013,385762.0,406179.0,417104.0
2016,2,3,6476,325196,9509427265,304999,792200395,1307799998,87.0,87.0,122.0,87.0,87.0,122.0,3,17,12,0.013,309948.0,307853.0,305829.0
2016,2,4,20544,1015690,26863070445,806905,1919937588,3392936394,232.0,392.0,333.0,232.0,392.0,333.0,3,17,12,0.013,812313.0,860914.0,874357.0
2016,3,0,66210,3392424,114255746220,3262111,8237740642,13861049510,1727.0,252.0,0.0,1696.0,252.0,0.0,1,19,12,0.01,3368729.0,3402142.0,3556803.0
2016,3,1,7540,373776,13167390554,381587,979611266,1621387899,113.0,155.0,62.0,113.0,155.0,62.0,1,19,12,0.01,390929.0,385762.0,406179.0
2016,3,3,6820,342364,8840170429,288242,727952019,1377397642,93.0,93.0,124.0,93.0,93.0,124.0,1,19,12,0.01,304999.0,309948.0,307853.0
2016,3,4,21520,1062166,25334411643,780649,1799176744,3553685766,248.0,414.0,342.0,248.0,414.0,342.0,1,19,12,0.01,806905.0,812313.0,860914.0
2016,4,0,64918,3325669,122351571699,3451243,8837105806,13594815917,1694.0,246.0,0.0,1663.0,247.0,0.0,0,16,14,0.01,3262111.0,3368729.0,3402142.0
2016,4,1,7428,368506,14510299756,419598,1088936204,1598086134,113.0,150.0,60.0,113.0,150.0,60.0,0,16,14,0.01,381587.0,390929.0,385762.0
2016,4,3,6658,334066,9615447902,313780,801759411,1343436995,91.0,93.0,120.0,90.0,92.0,120.0,0,16,14,0.01,288242.0,304999.0,309948.0
2016,4,4,20960,1034004,27842053480,854434,1991800825,3456390672,240.0,404.0,336.0,240.0,404.0,336.0,0,16,14,0.01,780649.0,806905.0,812313.0
2016,5,0,66984,3433718,129056309743,3652329,9401427938,14036414997,1754.0,254.0,0.0,1724.0,253.0,0.0,3,18,13,0.008,3451243.0,3262111.0,3368729.0
2016,5,1,7612,377500,14714883335,429019,1106242048,1637015665,115.0,155.0,62.0,115.0,155.0,62.0,3,18,13,0.008,419598.0,381587.0,390929.0
2016,5,3,6964,348898,10459590962,343019,878632514,1402984786,93.0,102.0,124.0,93.0,102.0,124.0,3,18,13,0.008,313780.0,288242.0,304999.0
2016,5,4,22352,1105098,29905532590,922048,2148575124,3690249470,248.0,416.0,368.0,248.0,416.0,368.0,3,18,13,0.008,854434.0,780649.0,806905.0
2016,6,0,64260,3294158,121022922707,3434367,8886604094,13461346128,1683.0,244.0,0.0,1653.0,244.0,0.0,1,18,12,0.008,3652329.0,3451243.0,3262111.0
2016,6,1,7320,362920,13756816966,397867,1035344925,1574185502,110.0,150.0,60.0,110.0,150.0,60.0,1,18,12,0.008,429019.0,419598.0,381587.0
2016,6,3,6600,331320,9281666184,304391,779068552,1332965460,90.0,90.0,120.0,90.0,90.0,120.0,1,18,12,0.008,343019.0,313780.0,288242.0
2016,6,4,21708,1072698,27144793217,829401,1936321463,3588167184,243.0,402.0,330.0,243.0,402.0,330.0,1,18,12,0.008,922048.0,854434.0,780649.0
2016,7,0,67324,3450493,126396791493,3524691,9256012548,14103785896,1755.0,253.0,8.0,1725.0,253.0,10.0,0,16,15,0.007,3434367.0,3652329.0,3451243.0
2016,7,1,7720,383086,14197779905,406453,1068375988,1660916297,118.0,155.0,62.0,118.0,155.0,62.0,0,16,15,0.007,397867.0,429019.0,419598.0
2016,7,3,6820,342364,9908865547,320016,829668211,1377397642,93.0,93.0,124.0,93.0,93.0,124.0,0,16,15,0.007,304391.0,343019.0,313780.0
2016,7,4,22528,1113570,27768759770,846901,1988713072,3724988546,248.0,418.0,341.0,248.0,418.0,341.0,0,16,15,0.007,829401.0,922048.0,854434.0
2016,8,0,66717,3420067,127855167330,3509374,9329994171,13976204211,1736.0,252.0,16.0,1704.0,252.0,20.0,1,19,12,0.004,3524691.0,3434367.0,3652329.0
2016,8,1,7540,373776,14014411988,396453,1056499451,1621387899,113.0,155.0,62.0,113.0,155.0,62.0,1,19,12,0.004,406453.0,397867.0,429019.0
2016,8,3,6820,342364,10397574221,333649,876234272,1377397642,93.0,93.0,124.0,93.0,93.0,124.0,1,19,12,0.004,320016.0,304391.0,343019.0
2016,8,4,22396,1106178,28077953460,855647,2026727579,3700582850,251.0,415.0,341.0,251.0,415.0,341.0,1,19,12,0.004,846901.0,829401.0,922048.0
2016,9,0,66036,3383339,121758746527,3416412,8784892314,13837129189,1700.0,247.0,31.0,1670.0,248.0,35.0,3,17,13,0.012,3509374.0,3524691.0,3434367.0
2016,9,1,7836,388818,14657061847,416612,1094759187,1680932750,111.0,156.0,72.0,111.0,156.0,72.0,3,17,13,0.012,396453.0,406453.0,397867.0
2016,9,3,6792,341160,10062736117,325617,825756968,1371498900,90.0,90.0,132.0,90.0,90.0,132.0,3,17,13,0.012,333649.0,320016.0,304391.0
2016,9,4,22304,1104016,30110862908,911432,2130085192,3685935008,240.0,406.0,342.0,240.0,406.0,342.0,3,17,13,0.012,855647.0,846901.0,829401.0
2016,10,0,66646,3415473,132568983723,3788481,9548291512,13958597437,1717.0,253.0,31.0,1686.0,252.0,31.0,2,17,14,0.013,3416412.0,3509374.0,3524691.0
2016,10,1,7560,374342,15097363669,440688,1122826229,1622066705,86.0,155.0,93.0,86.0,155.0,93.0,2,17,14,0.013,416612.0,396453.0,406453.0
2016,10,3,6820,342364,10861737431,361982,899377118,1377397642,93.0,93.0,124.0,93.0,93.0,124.0,2,17,14,0.013,325617.0,333649.0,320016.0
2016,10,4,22448,1112144,31277856280,975999,2224805407,3720133458,248.0,417.0,341.0,248.0,417.0,341.0,2,17,14,0.013,911432.0,855647.0,846901.0
2016,11,0,62310,3193605,125749717190,3635606,9106958391,13030563099,1575.0,244.0,101.0,1532.0,244.0,114.0,0,18,12,0.013,3788481.0,3416412.0,3509374.0
2016,11,1,7168,354620,14108256875,413113,1054034994,1537308602,80.0,150.0,90.0,80.0,150.0,90.0,0,18,12,0.013,440688.0,416612.0,396453.0
2016,11,3,6180,309438,9808497087,330589,813434914,1245295227,69.0,90.0,141.0,69.0,90.0,141.0,0,18,12,0.013,361982.0,325617.0,333649.0
2016,11,4,21600,1070352,30291519197,943739,2142144773,3581711456,240.0,402.0,330.0,240.0,402.0,330.0,0,18,12,0.013,975999.0,911432.0,855647.0
2016,12,0,54954,2826651,105211209611,2997734,7748971498,11741723616,1494.0,133.0,14.0,1429.0,137.0,15.0,1,17,14,0.013,3635606.0,3788481.0,3416412.0
2016,12,1,9302,461360,15761543840,493993,1182698229,1936844829,160.0,195.0,1.0,183.0,194.0,1.0,1,17,14,0.013,413113.0,440688.0,416612.0
2016,12,3,9632,475561,12347559227,434583,1021387836,1921684896,160.0,208.0,34.0,160.0,209.0,33.0,1,17,14,0.013,330589.0,361982.0,325617.0
2016,12,4,20352,1005761,23966976092,743230,1719981868,3317448526,328.0,433.0,92.0,328.0,434.0,91.0,1,17,14,0.013,943739.0,975999.0,911432.0
2017,1,0,58130,2987899,102008396011,2826921,7531026282,12484181314,1572.0,154.0,22.0,1495.0,154.0,22.0,4,18,13,0.02,2997734.0,3635606.0,3788481.0
2017,1,1,10710,532009,16611635927,510712,1257049030,2214786817,186.0,216.0,0.0,217.0,216.0,0.0,4,18,13,0.02,493993.0,413113.0,440688.0
2017,1,3,10840,534550,13543540748,457328,1121690197,2163676876,186.0,243.0,11.0,186.0,243.0,11.0,4,18,13,0.02,434583.0,330589.0,361982.0
2017,1,4,22552,1113850,25323730067,771376,1824859321,3652011923,402.0,496.0,4.0,402.0,496.0,4.0,4,18,13,0.02,743230.0,943739.0,975999.0
2017,2,0,50962,2618759,91740880020,2568840,6748065343,10932302331,1374.0,136.0,33.0,1307.0,136.0,33.0,0,16,12,0.019,2826921.0,2997734.0,3635606.0
2017,2,1,9306,461715,14664239576,453276,1100225928,1914475778,153.0,192.0,15.0,180.0,192.0,15.0,0,16,12,0.019,510712.0,493993.0,413113.0
2017,2,3,9632,473760,12070065284,417879,998735234,1916222448,168.0,224.0,0.0,168.0,224.0,0.0,0,16,12,0.019,457328.0,434583.0,330589.0
2017,2,4,20126,994137,21595326648,676435,1567317896,3258572480,360.0,448.0,0.0,359.0,448.0,1.0,0,16,12,0.019,771376.0,743230.0,943739.0
2017,3,0,59544,3068672,91615699018,2676217,6772797130,12768795597,1551.0,150.0,80.0,1507.0,150.0,81.0,1,18,13,0.022,2568840.0,2826921.0,2997734.0
2017,3,1,10088,501346,14627926659,449760,1091345273,2124546246,186.0,212.0,0.0,186.0,212.0,0.0,1,18,13,0.022,453276.0,510712.0,493993.0
2017,3,3,10872,537390,12410125129,430746,1022384311,2175571460,186.0,235.0,13.0,186.0,235.0,13.0,1,18,13,0.022,417879.0,457328.0,434583.0
2017,3,4,22644,1119966,22948299429,712623,1638231246,3686679176,398.0,496.0,13.0,380.0,496.0,31.0,1,18,13,0.022,676435.0,771376.0,743230.0
2017,4,0,58206,3005463,97949590005,2839163,7324765820,12522186333,1523.0,148.0,92.0,1479.0,148.0,91.0,0,16,14,0.019,2676217.0,2568840.0,2826921.0
2017,4,1,9808,490435,16101457125,491690,1216504125,2078156193,180.0,208.0,0.0,180.0,208.0,0.0,0,16,14,0.019,449760.0,453276.0,510712.0
2017,4,3,10776,535455,14018557793,482873,1165060709,2152447275,180.0,254.0,15.0,180.0,226.0,14.0,0,16,14,0.019,430746.0,417879.0,457328.0
2017,4,4,21240,1060758,25373891671,775524,1812462703,3557562767,356.0,398.0,100.0,356.0,426.0,101.0,0,16,14,0.019,712623.0,676435.0,771376.0
2017,5,0,60072,3103138,103469562731,2950085,7735056578,12938206997,1579.0,136.0,98.0,1535.0,136.0,99.0,3,19,12,0.02,2839163.0,2676217.0,2568840.0
2017,5,1,10236,513822,16433604673,502440,1239350666,2174436682,191.0,198.0,12.0,191.0,198.0,12.0,3,19,12,0.02,491690.0,449760.0,453276.0
2017,5,3,11112,554753,15000636968,519376,1248530635,2228800326,186.0,245.0,35.0,186.0,214.0,34.0,3,19,12,0.02,482873.0,430746.0,417879.0
2017,5,4,21604,1080371,26258147907,802947,1886158146,3637527248,359.0,391.0,124.0,359.0,422.0,124.0,3,19,12,0.02,775524.0,712623.0,676435.0
2017,6,0,58434,3020301,95780714119,2722990,7025583419,12584104424,1532.0,135.0,103.0,1489.0,135.0,103.0,1,17,13,0.019,2950085.0,2839163.0,2676217.0
2017,6,1,9776,491402,15043455284,454282,1113979095,2081969256,180.0,194.0,12.0,180.0,194.0,12.0,1,17,13,0.019,502440.0,491690.0,449760.0
2017,6,3,10768,539385,13303650136,452016,1082503821,2167769968,180.0,231.0,39.0,180.0,201.0,39.0,1,17,13,0.019,519376.0,482873.0,430746.0
2017,6,4,21216,1064294,24071731477,726234,1693986167,3574794150,356.0,378.0,119.0,356.0,408.0,119.0,1,17,13,0.019,802947.0,775524.0,712623.0
2017,7,0,59912,3098607,96230952191,2710939,7100956607,12908115550,1557.0,151.0,128.0,1511.0,151.0,128.0,0,17,14,0.022,2722990.0,2950085.0,2839163.0
2017,7,1,10020,504147,14969950791,447608,1113278334,2134521845,181.0,201.0,18.0,181.0,200.0,19.0,0,17,14,0.022,454282.0,502440.0,491690.0
2017,7,3,11136,558102,13444378321,449981,1100243365,2242945827,186.0,241.0,38.0,186.0,210.0,38.0,0,17,14,0.022,452016.0,519376.0,482873.0
2017,7,4,22080,1109443,23726185236,712502,1678361364,3729989389,366.0,392.0,135.0,366.0,423.0,135.0,0,17,14,0.022,726234.0,802947.0,775524.0
2017,8,0,59458,3076518,101320023988,2858787,7618239198,12821231082,1542.0,135.0,142.0,1499.0,135.0,143.0,1,19,12,0.026,2710939.0,2722990.0,2950085.0
2017,8,1,9676,486478,14894524557,449123,1122681791,2057170928,167.0,196.0,33.0,167.0,197.0,32.0,1,19,12,0.026,447608.0,454282.0,502440.0
2017,8,3,11104,556119,14872185046,500958,1245668370,2234846451,186.0,237.0,42.0,186.0,206.0,42.0,1,19,12,0.026,449981.0,452016.0,519376.0
2017,8,4,22200,1113911,24714614218,751562,1779425676,3755105232,362.0,419.0,126.0,362.0,450.0,127.0,1,19,12,0.026,712502.0,726234.0,802947.0
2017,9,0,57786,2998786,95301481453,2746971,6966479847,12497707794,1498.0,139.0,130.0,1455.0,139.0,129.0,0,16,14,0.021,2858787.0,2710939.0,2722990.0
2017,9,1,9512,480072,15273148052,465926,1134047426,2033698709,162.0,199.0,29.0,162.0,199.0,29.0,0,16,14,0.021,449123.0,447608.0,454282.0
2017,9,3,11272,569056,14024871352,485717,1141889010,2249115563,194.0,236.0,32.0,194.0,208.0,32.0,0,16,14,0.021,500958.0,449981.0,452016.0
2017,9,4,21104,1062140,25392937424,769893,1791613316,3605417886,334.0,419.0,115.0,342.0,447.0,107.0,0,16,14,0.021,751562.0,712502.0,726234.0
2017,10,0,61260,3181432,107470364308,2981766,7871148529,13250733984,1570.0,160.0,144.0,1520.0,160.0,144.0,4,18,13,0.018,2746971.0,2858787.0,2710939.0
2017,10,1,10080,509270,17252609418,512983,1289890734,2160838145,160.0,222.0,35.0,160.0,222.0,35.0,4,18,13,0.018,465926.0,449123.0,447608.0
2017,10,3,11856,599203,16814700075,573037,1377835143,2367115307,204.0,252.0,18.0,204.0,230.0,18.0,4,18,13,0.018,485717.0,500958.0,449981.0
2017,10,4,22324,1125171,29123459439,861786,2055072189,3817021052,346.0,469.0,108.0,364.0,491.0,89.0,4,18,13,0.018,769893.0,751562.0,712502.0
2017,11,0,56976,2969522,100969278952,2894021,7355461646,12384390157,1442.0,144.0,156.0,1400.0,144.0,157.0,0,18,12,0.013,2981766.0,2746971.0,2858787.0
2017,11,1,9336,472590,16095580238,492680,1194695135,2003085500,150.0,204.0,30.0,150.0,204.0,30.0,0,18,12,0.013,512983.0,465926.0,449123.0
2017,11,3,11184,566695,15187791718,530055,1234930504,2245699150,192.0,258.0,12.0,192.0,228.0,12.0,0,18,12,0.013,573037.0,485717.0,500958.0
2017,11,4,20768,1048092,27074538686,821381,1906382120,3567018369,324.0,450.0,84.0,336.0,480.0,73.0,0,18,12,0.013,861786.0,769893.0,751562.0
2017,12,0,59098,3099155,105994071657,3028456,7803905411,12921181220,1526.0,154.0,122.0,1481.0,154.0,121.0,1,16,15,0.015,2894021.0,2981766.0,2746971.0
2017,12,1,9984,508630,17186868390,524376,1282774854,2158643820,172.0,200.0,31.0,172.0,199.0,32.0,1,16,15,0.015,492680.0,512983.0,465926.0
2017,12,3,11448,579702,15972061837,555367,1305096818,2295383239,202.0,256.0,6.0,202.0,242.0,6.0,1,16,15,0.015,530055.0,573037.0,485717.0
2017,12,4,21704,1098712,27751180506,839162,1963015093,3679908069,357.0,481.0,51.0,355.0,495.0,52.0,1,16,15,0.015,821381.0,861786.0,769893.0
2018,1,0,57734,3040914,96303215206,2749365,7122611332,12665668471,1517.0,148.0,98.0,1474.0,148.0,98.0,1,19,12,0.01,3028456.0,2894021.0,2981766.0
2018,1,1,10072,515870,15975109290,485088,1199193779,2191527680,186.0,180.0,31.0,186.0,180.0,31.0,1,19,12,0.01,524376.0,492680.0,512983.0
2018,1,3,11132,565517,14471035878,498336,1190322024,2253274850,199.0,248.0,0.0,199.0,248.0,0.0,1,19,12,0.01,555367.0,530055.0,573037.0
2018,1,4,22242,1132338,25351559087,767674,1803584906,3771951839,404.0,477.0,16.0,385.0,477.0,35.0,1,19,12,0.01,839162.0,821381.0,861786.0
2018,2,0,53272,2812380,96344287213,2700481,7045721308,11478437873,1452.0,111.0,0.0,1410.0,111.0,0.0,3,16,12,0.014,2749365.0,3028456.0,2894021.0
2018,2,1,9184,468125,15854933434,479807,1195703936,1967484155,168.0,196.0,0.0,168.0,196.0,0.0,3,16,12,0.014,485088.0,524376.0,492680.0
2018,2,3,10136,516670,14239456889,488331,1176682635,2044627305,168.0,224.0,14.0,196.0,196.0,14.0,3,16,12,0.014,498336.0,555367.0,530055.0
2018,2,4,23652,1226797,26560970347,807957,1894101974,3958363591,545.0,252.0,0.0,545.0,252.0,0.0,3,16,12,0.014,767674.0,839162.0,821381.0
2018,3,0,57782,3047025,91752660009,2710923,6732001955,12473789161,1561.0,152.0,0.0,1516.0,152.0,0.0,1,17,14,0.013,2700481.0,2749365.0,3028456.0
2018,3,1,10120,518385,15888908077,493525,1187543115,2177677130,186.0,183.0,31.0,186.0,183.0,31.0,1,17,14,0.013,479807.0,485088.0,524376.0
2018,3,3,11168,566734,14454161699,501359,1175664762,2241000995,200.0,248.0,0.0,200.0,248.0,0.0,1,17,14,0.013,488331.0,498336.0,555367.0
2018,3,4,22282,1135493,25007237423,773482,1772892045,3735574664,417.0,465.0,0.0,400.0,465.0,17.0,1,17,14,0.013,807957.0,767674.0,839162.0
2018,4,0,55822,2944889,95919663516,2830235,7119110710,12058123948,1506.0,138.0,14.0,1463.0,138.0,14.0,0,17,13,0.016,2710923.0,2700481.0,2749365.0
2018,4,1,9776,501205,17036428462,527270,1286115862,2105246615,180.0,176.0,30.0,180.0,176.0,30.0,0,17,13,0.016,493525.0,479807.0,485088.0
2018,4,3,10788,549707,15058120020,523538,1239582113,2175142465,193.0,226.0,14.0,193.0,226.0,14.0,0,17,13,0.016,501359.0,488331.0,498336.0
2018,4,4,22018,1124541,26723664623,826651,1911196780,3714360813,403.0,442.0,38.0,386.0,442.0,55.0,0,17,13,0.016,773482.0,807957.0,767674.0
2018,5,0,58238,3074081,102615900758,3027564,7684803310,12587098022,1573.0,117.0,34.0,1530.0,118.0,34.0,3,19,12,0.015,2830235.0,2710923.0,2700481.0
2018,5,1,10140,519790,17566302360,548302,1330203202,2183259415,187.0,179.0,34.0,187.0,179.0,34.0,3,19,12,0.015,527270.0,493525.0,479807.0
2018,5,3,11132,569105,16535407147,587686,1376934149,2252971065,199.0,186.0,62.0,199.0,186.0,62.0,3,19,12,0.015,523538.0,501359.0,488331.0
2018,5,4,23290,1189555,29027355396,912154,2096966234,3943946600,418.0,434.0,93.0,399.0,434.0,112.0,3,19,12,0.015,826651.0,773482.0,807957.0
2018,6,0,56078,2959497,95330745179,2782491,7082341122,12116382499,1516.0,118.0,30.0,1471.0,118.0,30.0,1,16,14,0.015,3027564.0,2830235.0,2710923.0
2018,6,1,9808,502460,16010492632,494907,1197760271,2110879845,180.0,178.0,30.0,180.0,178.0,30.0,1,16,14,0.015,548302.0,527270.0,493525.0
2018,6,3,10824,553670,14991762386,522039,1228432895,2188313910,194.0,180.0,60.0,194.0,180.0,60.0,1,16,14,0.015,587686.0,523538.0,501359.0
2018,6,4,22544,1150721,26415875826,821229,1884936962,3812709123,404.0,420.0,90.0,388.0,420.0,106.0,1,16,14,0.015,912154.0,826651.0,773482.0
2018,7,0,58422,3087036,96779851637,2767297,7131168032,12608449417,1592.0,116.0,4.0,1549.0,115.0,4.0,0,18,13,0.015,2782491.0,3027564.0,2830235.0
2018,7,1,10088,517690,16709354090,505993,1247800689,2178562535,186.0,180.0,32.0,186.0,181.0,31.0,0,18,13,0.015,494907.0,548302.0,527270.0
2018,7,3,11132,565248,15324583272,516752,1252205482,2237863614,199.0,230.0,18.0,199.0,230.0,18.0,0,18,13,0.015,522039.0,587686.0,523538.0
2018,7,4,23718,1213674,26211713288,794532,1847960019,4055836823,416.0,465.0,62.0,447.0,431.0,65.0,0,18,13,0.015,821229.0,912154.0,826651.0
2018,8,0,58668,3099708,100531236951,2851887,7471110432,12659218624,1593.0,114.0,20.0,1549.0,114.0,20.0,1,18,13,0.014,2767297.0,2782491.0,3027564.0
2018,8,1,10088,517935,16632492226,506510,1254083842,2179604520,186.0,181.0,31.0,186.0,181.0,31.0,1,18,13,0.014,505993.0,494907.0,548302.0
2018,8,3,11132,565795,16298765190,546389,1352063929,2240121753,199.0,230.0,18.0,199.0,230.0,18.0,1,18,13,0.014,516752.0,522039.0,587686.0
2018,8,4,23718,1213324,26619569114,809800,1896280330,4055297578,416.0,465.0,62.0,447.0,434.0,62.0,1,18,13,0.014,794532.0,821229.0,912154.0
2018,9,0,59914,3164165,100542324803,2891302,7350183179,12942768382,1611.0,120.0,56.0,1564.0,120.0,56.0,3,16,14,0.019,2851887.0,2767297.0,2782491.0
2018,9,1,9904,505700,17207771468,523301,1287463680,2129117455,180.0,214.0,0.0,180.0,214.0,0.0,3,16,14,0.019,506510.0,505993.0,494907.0
2018,9,3,11204,566113,16232300338,551745,1318754626,2233125233,197.0,257.0,0.0,197.0,257.0,0.0,3,16,14,0.019,546389.0,516752.0,522039.0
2018,9,4,23450,1199419,29626138491,891493,2084435498,3999007453,420.0,430.0,80.0,437.0,413.0,80.0,3,16,14,0.019,809800.0,794532.0,821229.0
2018,10,0,60678,3205873,105221559617,3062572,7742103304,13110752399,1627.0,113.0,69.0,1584.0,113.0,69.0,2,19,12,0.02,2891302.0,2851887.0,2767297.0
2018,10,1,10120,517300,17521405038,541266,1308584963,2176700545,186.0,214.0,0.0,186.0,214.0,0.0,2,19,12,0.02,523301.0,506510.0,505993.0
2018,10,3,11304,573004,16897690812,579432,1381933433,2272076085,198.0,260.0,1.0,198.0,260.0,1.0,2,19,12,0.02,551745.0,546389.0,516752.0
2018,10,4,23962,1225139,29159110617,896370,2054948821,4089868478,425.0,465.0,62.0,448.0,442.0,62.0,2,19,12,0.02,891493.0,809800.0,794532.0
2018,11,0,58806,3105770,106799227212,3119972,7843070909,12700045430,1578.0,111.0,64.0,1535.0,111.0,64.0,0,17,13,0.02,3062572.0,2891302.0,2851887.0
2018,11,1,9776,500015,17918788302,554050,1334411907,2103967745,180.0,206.0,0.0,180.0,206.0,0.0,0,17,13,0.02,541266.0,523301.0,506510.0
2018,11,3,10996,556581,16765051835,577515,1365778469,2204623635,193.0,253.0,0.0,193.0,253.0,0.0,0,17,13,0.02,579432.0,551745.0,546389.0
2018,11,4,23176,1185291,30323605138,933536,2134364828,3956200797,411.0,450.0,60.0,433.0,428.0,60.0,0,17,13,0.02,896370.0,891493.0,809800.0
2018,12,0,61126,3228411,105202571555,3055840,7792982792,13205174433,1640.0,118.0,65.0,1595.0,118.0,65.0,1,17,14,0.013,3119972.0,3062572.0,2891302.0
2018,12,1,10136,518190,17510343082,538435,1310699865,2180765170,186.0,215.0,0.0,186.0,215.0,0.0,1,17,14,0.013,554050.0,541266.0,523301.0
2018,12,3,11428,578809,16723154413,571417,1371419419,2288919512,201.0,262.0,0.0,201.0,262.0,0.0,1,17,14,0.013,577515.0,579432.0,551745.0
2018,12,4,24050,1229628,29164868777,887733,2056462345,4102921671,428.0,465.0,62.0,449.0,444.0,62.0,1,17,14,0.013,933536.0,896370.0,891493.0
2019,1,0,59986,3167882,96677382952,2821722,7172434147,12948851675,1610.0,115.0,62.0,1567.0,115.0,62.0,1,19,12,0.008,3055840.0,3119972.0,3062572.0
2019,1,1,10072,515190,16362892277,501225,1231414449,2167389620,186.0,211.0,0.0,186.0,211.0,0.0,1,19,12,0.008,538435.0,554050.0,541266.0
2019,1,3,11288,571708,15343573153,522929,1263329570,2267852173,198.0,260.0,0.0,198.0,260.0,0.0,1,19,12,0.008,571417.0,577515.0,579432.0
2019,1,4,23252,1188524,26211655055,801689,1865693019,3989811463,413.0,465.0,51.0,425.0,443.0,62.0,1,19,12,0.008,887733.0,933536.0,896370.0
2019,2,0,55366,2924599,99923597336,2856467,7422969943,11960145745,1494.0,111.0,39.0,1451.0,111.0,39.0,3,16,12,0.005,2821722.0,3055840.0,3119972.0
2019,2,1,9232,472545,16682184670,507735,1260469458,1989369670,168.0,199.0,0.0,168.0,199.0,0.0,3,16,12,0.005,501225.0,538435.0,554050.0
2019,2,3,10448,529625,15963188210,542758,1316603365,2088837125,184.0,239.0,0.0,184.0,239.0,0.0,3,16,12,0.005,522929.0,571417.0,577515.0
2019,2,4,21056,1075300,27930752939,844346,1985775816,3611094435,378.0,420.0,43.0,382.0,403.0,56.0,3,16,12,0.005,801689.0,887733.0,933536.0
2019,3,0,60504,3195542,97308085585,2904225,7161947492,13063931603,1631.0,118.0,48.0,1585.0,118.0,48.0,1,16,15,0.004,2856467.0,2821722.0,3055840.0
2019,3,1,10152,519010,17242226604,536664,1289996525,2184316940,186.0,216.0,0.0,186.0,216.0,0.0,1,16,15,0.004,507735.0,501225.0,538435.0
2019,3,3,11444,579537,15991257860,550801,1302380294,2291881909,201.0,263.0,0.0,201.0,263.0,0.0,1,16,15,0.004,542758.0,522929.0,571417.0
2019,3,4,23050,1177635,27880179903,862388,1970364742,3962136815,412.0,465.0,46.0,417.0,444.0,61.0,1,16,15,0.004,844346.0,801689.0,887733.0
2019,4,0,57672,3046931,98925661360,2950182,7316735607,12454888221,1551.0,110.0,54.0,1509.0,110.0,54.0,0,18,12,0.006,2904225.0,2856467.0,2821722.0
2019,4,1,9744,498760,17473289944,544127,1312302731,2098141775,180.0,204.0,0.0,180.0,204.0,0.0,0,18,12,0.006,536664.0,507735.0,501225.0
2019,4,3,10944,555458,16116240139,556220,1319510399,2202647794,192.0,252.0,0.0,192.0,252.0,0.0,0,18,12,0.006,550801.0,542758.0,522929.0
2019,4,4,22024,1125923,28466131305,883165,2022003434,3795264336,392.0,450.0,42.0,396.0,428.0,60.0,0,18,12,0.006,862388.0,844346.0,801689.0
2019,5,0,60060,3172476,105572261164,3147381,7835313041,12967245357,1616.0,114.0,54.0,1572.0,114.0,54.0,3,18,13,0.007,2950182.0,2904225.0,2856467.0
2019,5,1,10104,517530,18179694121,572225,1368381974,2177437920,186.0,213.0,0.0,186.0,213.0,0.0,3,18,13,0.007,544127.0,536664.0,507735.0
2019,5,3,11376,577415,17421820547,610897,1435307944,2285724777,200.0,261.0,0.0,200.0,261.0,0.0,3,18,13,0.007,556220.0,550801.0,542758.0
2019,5,4,22854,1167894,30273423264,950573,2164959130,3934999803,407.0,465.0,44.0,412.0,442.0,63.0,3,18,13,0.007,883165.0,862388.0,844346.0
2019,6,0,58566,3093500,101206420831,2942219,7469011450,12646780325,1578.0,115.0,48.0,1533.0,115.0,48.0,1,16,14,0.007,3147381.0,2950182.0,2904225.0
2019,6,1,9808,502460,17132234077,533224,1284426775,2114484170,180.0,208.0,0.0,180.0,208.0,0.0,1,16,14,0.007,572225.0,544127.0,536664.0
2019,6,3,11084,562293,16468048157,566056,1348163810,2222519303,195.0,254.0,0.0,195.0,254.0,0.0,1,16,14,0.007,610897.0,556220.0,550801.0
2019,6,4,22280,1139073,28839419392,891400,2045275591,3832787136,398.0,451.0,44.0,402.0,431.0,59.0,1,16,14,0.007,950573.0,883165.0,862388.0
2019,7,0,59826,3160027,100837606622,2928653,7390254879,12916553208,1607.0,113.0,60.0,1564.0,113.0,60.0,0,19,12,0.006,2942219.0,3147381.0,2950182.0
2019,7,1,10056,514930,17246902156,536310,1288893107,2165917025,186.0,210.0,0.0,186.0,210.0,0.0,0,19,12,0.006,533224.0,572225.0,544127.0
2019,7,3,11288,571789,16396366512,563637,1343095418,2268174639,198.0,260.0,0.0,198.0,260.0,0.0,0,19,12,0.006,566056.0,610897.0,556220.0
2019,7,4,22744,1161667,28533817376,883312,2010875769,4007554859,404.0,465.0,45.0,408.0,442.0,64.0,0,19,12,0.006,891400.0,950573.0,883165.0
2019,8,0,60458,3193446,107077396998,3088101,7986955309,13054193902,1628.0,116.0,52.0,1583.0,116.0,52.0,1,17,14,0.0,2928653.0,2942219.0,3147381.0
2019,8,1,10120,518035,17784950568,554485,1341812262,2179735010,186.0,214.0,0.0,186.0,214.0,0.0,1,17,14,0.0,536310.0,533224.0,572225.0
2019,8,3,11428,579252,18148802788,617988,1513398417,2290607866,201.0,262.0,0.0,201.0,262.0,0.0,1,17,14,0.0,563637.0,566056.0,610897.0
2019,8,4,22994,1175089,29824847542,929836,2137777248,3955651298,410.0,465.0,46.0,415.0,443.0,64.0,1,17,14,0.0,883312.0,891400.0,950573.0
2019,9,0,58818,3107558,100538062012,2931357,7324245658,12710261871,1586.0,116.0,45.0,1541.0,116.0,45.0,3,17,13,-0.004,3088101.0,2928653.0,2942219.0
2019,9,1,10032,512190,17888915474,557504,1334717746,2157902960,180.0,216.0,6.0,180.0,216.0,6.0,3,17,13,-0.004,554485.0,536310.0,533224.0
2019,9,3,11132,565074,16584803628,574611,1339217291,2233201690,195.0,257.0,0.0,195.0,257.0,0.0,3,17,13,-0.004,617988.0,563637.0,566056.0
2019,9,4,22120,1131191,29860189962,932058,2105950139,3797499387,403.0,444.0,31.0,405.0,427.0,45.0,3,17,13,-0.004,929836.0,883312.0,891400.0
2019,10,0,59662,3151992,105292262320,3095238,7697325073,12886046574,1603.0,113.0,58.0,1560.0,114.0,58.0,2,19,12,0.0,2931357.0,3088101.0,2928653.0
2019,10,1,10440,533840,18432742270,583751,1374198590,2250023870,186.0,222.0,12.0,186.0,222.0,12.0,2,19,12,0.0,557504.0,554485.0,536310.0
2019,10,3,11424,579145,17666533058,622202,1449281797,2291316322,200.0,264.0,0.0,200.0,264.0,0.0,2,19,12,0.0,574611.0,617988.0,563637.0
2019,10,4,22276,1139709,29840689580,953838,2125626975,3831746363,409.0,453.0,19.0,409.0,434.0,38.0,2,19,12,0.0,932058.0,929836.0,883312.0
2019,11,0,54986,2906381,105323611098,3106887,7666562653,11880308104,1487.0,96.0,40.0,1448.0,96.0,40.0,0,16,14,0.002,3095238.0,2931357.0,3088101.0
2019,11,1,9632,492240,18439643954,588472,1365906503,2080890330,168.0,210.0,14.0,168.0,210.0,14.0,0,16,14,0.002,583751.0,557504.0,554485.0
2019,11,3,10508,533545,17104720518,606997,1389063402,2115672556,185.0,240.0,0.0,185.0,241.0,0.0,0,16,14,0.002,622202.0,574611.0,617988.0
2019,11,4,20518,1051105,30268412502,963572,2143046572,3558239155,387.0,402.0,14.0,384.0,386.0,28.0,0,16,14,0.002,953838.0,932058.0,929836.0
2019,12,0,60268,3183186,108935309456,3228334,8037116448,13019607472,1620.0,116.0,57.0,1576.0,116.0,57.0,1,18,13,0.007,3106887.0,3095238.0,2931357.0
2019,12,1,10520,538045,19294287522,611897,1438553866,2268450895,186.0,226.0,13.0,186.0,226.0,13.0,1,18,13,0.007,588472.0,583751.0,557504.0
2019,12,3,11460,581358,17908968634,630776,1463466995,2299675109,199.0,268.0,1.0,199.0,267.0,1.0,1,18,13,0.007,606997.0,622202.0,574611.0
2019,12,4,22400,1145501,30377642148,964610,2160474023,3847143172,412.0,454.0,19.0,412.0,436.0,37.0,1,18,13,0.007,963572.0,953838.0,932058.0
2020,1,0,60720,3207934,105647294266,3052906,7784452539,13120114221,1637.0,118.0,48.0,1591.0,118.0,48.0,4,18,13,0.015,3228334.0,3106887.0,3095238.0
2020,1,1,10632,542980,19076185348,587847,1432145469,2289537290,186.0,231.0,15.0,186.0,231.0,15.0,4,18,13,0.015,611897.0,588472.0,583751.0
2020,1,3,11532,583789,17768528434,611546,1458706524,2307495553,201.0,268.0,0.0,201.0,269.0,0.0,4,18,13,0.015,630776.0,606997.0,622202.0
2020,1,4,22414,1144963,30228590626,937486,2152333558,3846076506,409.0,459.0,16.0,418.0,434.0,32.0,4,18,13,0.015,964610.0,963572.0,953838.0
2020,2,0,56252,2971678,55864894944,1656348,4009273166,12151869985,1515.0,108.0,48.0,1473.0,108.0,48.0,0,16,13,0.011,3052906.0,3228334.0,3106887.0
2020,2,1,9880,504955,10761954986,330030,784799010,2128829710,174.0,213.0,13.0,174.0,213.0,13.0,0,16,13,0.011,587847.0,611897.0,588472.0
2020,2,3,10732,543990,11114249658,373049,883432271,2152773803,187.0,250.0,0.0,187.0,250.0,0.0,0,16,13,0.011,611546.0,630776.0,606997.0
2020,2,4,20810,1062876,17151366988,537043,1187880832,3579781072,374.0,435.0,16.0,387.0,406.0,32.0,0,16,13,0.011,937486.0,964610.0,963572.0
2020,3,0,59152,3122759,24951969172,801643,1775517662,12766334531,1594.0,142.0,18.0,1550.0,142.0,18.0,1,18,13,0.01,1656348.0,3052906.0,3228334.0
2020,3,1,10472,534220,5327237130,167039,387444808,2251563170,186.0,223.0,13.0,186.0,223.0,13.0,1,18,13,0.01,330030.0,587847.0,611897.0
2020,3,3,11340,573165,6483783894,223692,506240090,2275118783,197.0,266.0,0.0,197.0,265.0,0.0,1,18,13,0.01,373049.0,611546.0,630776.0
2020,3,4,22114,1132991,11024379742,357485,760675118,3821744127,396.0,393.0,90.0,409.0,374.0,96.0,1,18,13,0.01,537043.0,937486.0,964610.0
2020,4,0,55380,2922784,37838105924,1169497,2715067369,11938191596,1490.0,138.0,18.0,1448.0,138.0,18.0,1,18,12,0.001,801643.0,1656348.0,3052906.0
2020,4,1,10016,511300,8024777848,246889,588787296,2153470785,180.0,215.0,6.0,180.0,215.0,6.0,1,18,12,0.001,167039.0,330030.0,587847.0
2020,4,3,10752,543875,8518241902,292093,672307675,2175638109,184.0,258.0,0.0,184.0,258.0,0.0,1,18,12,0.001,223692.0,373049.0,611546.0
2020,4,4,21176,1085638,14245435994,454608,992468859,3668034146,376.0,380.0,90.0,388.0,362.0,96.0,1,18,12,0.001,357485.0,537043.0,937486.0
2020,5,0,57684,3045233,57300817594,1736950,4125045736,12440182922,1556.0,140.0,16.0,1510.0,140.0,16.0,2,16,15,-0.003,1169497.0,801643.0,1656348.0
2020,5,1,10472,534360,12111407514,373582,898804460,2251445690,186.0,236.0,0.0,186.0,236.0,0.0,2,16,15,-0.003,246889.0,167039.0,330030.0
2020,5,3,11212,566647,12401999024,421781,991278910,2264593483,191.0,271.0,0.0,191.0,271.0,0.0,2,16,15,-0.003,292093.0,223692.0,373049.0
2020,5,4,21958,1125665,20339076662,632507,1422882942,3793854150,392.0,388.0,93.0,407.0,372.0,94.0,2,16,15,-0.003,454608.0,357485.0,537043.0
2020,6,0,57036,3011564,58422036658,1805617,4193628255,12311078871,1536.0,138.0,18.0,1494.0,138.0,18.0,1,18,12,0.0,1736950.0,1169497.0,801643.0
2020,6,1,10096,515120,11938131782,373977,875757193,2170969700,180.0,226.0,0.0,180.0,226.0,0.0,1,18,12,0.0,373582.0,246889.0,167039.0
2020,6,3,10936,554446,11665072544,402778,925698688,2202531973,190.0,256.0,0.0,190.0,256.0,0.0,1,18,12,0.0,421781.0,292093.0,223692.0
2020,6,4,21360,1094770,19162659846,608908,1332961494,3694132950,382.0,378.0,90.0,394.0,360.0,96.0,1,18,12,0.0,632507.0,454608.0,357485.0
2020,7,0,59656,3149370,67613591548,2088822,5013336478,12875069260,1608.0,142.0,18.0,1564.0,142.0,18.0,0,18,13,0.003,1805617.0,1736950.0,1169497.0
2020,7,1,10504,535580,13473299448,423476,1003308793,2257562705,186.0,238.0,0.0,186.0,238.0,0.0,0,18,13,0.003,373977.0,373582.0,246889.0
2020,7,3,11396,577284,12725977228,443745,1039974320,2286371436,199.0,264.0,0.0,199.0,265.0,0.0,0,18,13,0.003,402778.0,421781.0,292093.0
2020,7,4,22186,1137546,18452377644,606621,1307062901,3834902067,398.0,390.0,93.0,411.0,372.0,98.0,0,18,13,0.003,608908.0,632507.0,454608.0
2020,8,0,60290,3183507,63848721774,1943413,4809007021,13004358806,1627.0,141.0,17.0,1582.0,141.0,17.0,1,17,14,0.007,2088822.0,1805617.0,1736950.0
2020,8,1,10568,539022,12068544130,381028,909128395,2268401960,186.0,242.0,0.0,186.0,242.0,0.0,1,17,14,0.007,423476.0,373977.0,373582.0
2020,8,3,11512,583189,12361871676,423394,1025271235,2304035802,200.0,270.0,0.0,200.0,269.0,0.0,1,17,14,0.007,443745.0,402778.0,421781.0
2020,8,4,22288,1143752,18797118110,598291,1344766276,3844742456,401.0,389.0,93.0,415.0,372.0,96.0,1,17,14,0.007,606621.0,608908.0,632507.0
2020,9,0,58268,3077919,42879304666,1364248,3043291727,12585763399,1573.0,136.0,16.0,1529.0,136.0,16.0,1,18,12,0.01,1943413.0,2088822.0,1805617.0
2020,9,1,10256,524331,8991990270,288908,652129497,2210467130,180.0,236.0,0.0,180.0,236.0,0.0,1,18,12,0.01,381028.0,423476.0,373977.0
2020,9,3,11568,586022,8624728370,305886,670909218,2284406147,194.0,286.0,0.0,194.0,287.0,0.0,1,18,12,0.01,423394.0,443745.0,402778.0
2020,9,4,21116,1086769,13877457196,445850,960103594,3679724713,388.0,348.0,90.0,402.0,332.0,92.0,1,18,12,0.01,598291.0,606621.0,608908.0
2020,10,0,60456,3193428,61865904514,1903732,4426173554,13059008217,1633.0,140.0,16.0,1587.0,140.0,16.0,4,17,14,0.001,1364248.0,1943413.0,2088822.0
2020,10,1,10632,543216,12812236316,402790,935800637,2290384572,186.0,246.0,0.0,186.0,246.0,0.0,4,17,14,0.001,288908.0,381028.0,423476.0
2020,10,3,11988,607138,12602028662,438460,992188871,2368106897,201.0,297.0,0.0,201.0,297.0,0.0,4,17,14,0.001,305886.0,423394.0,443745.0
2020,10,4,21886,1127360,20381073456,628278,1412101881,3813798651,402.0,361.0,93.0,417.0,345.0,94.0,4,17,14,0.001,445850.0,598291.0,606621.0
2020,11,0,57938,3059797,64642660022,2033794,4713920750,12512566590,1562.0,137.0,18.0,1519.0,137.0,18.0,0,17,13,0.006,1903732.0,1364248.0,1943413.0
2020,11,1,10192,521020,12966878316,414365,952748423,2196294971,180.0,232.0,0.0,180.0,232.0,0.0,0,17,13,0.006,402790.0,288908.0,381028.0
2020,11,3,11548,585347,12651701920,450280,1005413264,2282029263,193.0,288.0,0.0,193.0,287.0,0.0,0,17,13,0.006,438460.0,305886.0,423394.0
2020,11,4,21018,1081712,20562168202,644711,1438292438,3667317456,386.0,347.0,90.0,399.0,330.0,94.0,0,17,13,0.006,628278.0,445850.0,598291.0
2020,12,0,59310,3131623,39789659146,1298806,2860386701,12801060933,1597.0,143.0,19.0,1554.0,143.0,19.0,1,19,12,0.005,2033794.0,1903732.0,1364248.0
2020,12,1,10440,534027,8379007152,273709,612088132,2250723350,186.0,234.0,0.0,186.0,234.0,0.0,1,19,12,0.005,414365.0,402790.0,288908.0
2020,12,3,11800,597881,7909857466,285944,617632079,2337213052,198.0,292.0,0.0,198.0,292.0,0.0,1,19,12,0.005,450280.0,438460.0,305886.0
2020,12,4,21672,1115196,13438964820,434319,935306874,3783975346,396.0,363.0,93.0,408.0,344.0,100.0,1,19,12,0.005,644711.0,628278.0,445850.0
2021,1,0,60384,3190802,43285535230,1371886,3078701168,13048050162,1631.0,140.0,16.0,1585.0,140.0,16.0,1,16,15,0.006,1298806.0,2033794.0,1903732.0
2021,1,1,10632,543309,8813315132,280912,641841301,2300967117,186.0,246.0,0.0,186.0,246.0,0.0,1,16,15,0.006,273709.0,414365.0,402790.0
2021,1,3,11956,607124,8157349514,294300,631728398,2373225409,201.0,295.0,0.0,201.0,295.0,0.0,1,16,15,0.006,285944.0,450280.0,438460.0
2021,1,4,21886,1126430,14353279818,457662,988612908,3810517487,402.0,361.0,93.0,417.0,345.0,94.0,1,16,15,0.006,434319.0,644711.0,628278.0
2021,2,0,54764,2892634,50993883344,1556755,3630206534,11830501540,1480.0,126.0,14.0,1438.0,126.0,14.0,3,16,12,0.011,1371886.0,1298806.0,2033794.0
2021,2,1,9632,491912,10156332166,315396,739135499,2084784230,168.0,224.0,0.0,168.0,224.0,0.0,3,16,12,0.011,280912.0,273709.0,414365.0
2021,2,3,10904,552173,9773438288,342981,763446216,2153943535,182.0,272.0,0.0,182.0,272.0,0.0,3,16,12,0.011,294300.0,285944.0,450280.0
2021,2,4,19740,1016425,16065236864,497757,1105158083,3439566610,364.0,322.0,84.0,378.0,308.0,84.0,3,16,12,0.011,457662.0,434319.0,644711.0
2021,3,0,59346,3133719,58746474010,1846151,4166395403,12811977363,1598.0,143.0,19.0,1555.0,143.0,19.0,1,19,12,0.015,1556755.0,1371886.0,1298806.0
2021,3,1,10440,533655,12248406204,386966,887192128,2260794041,186.0,234.0,0.0,186.0,234.0,0.0,1,19,12,0.015,315396.0,280912.0,273709.0
2021,3,3,11848,599535,11936389610,421455,927015809,2346129052,198.0,295.0,0.0,198.0,295.0,0.0,1,19,12,0.015,342981.0,294300.0,285944.0
2021,3,4,21624,1112953,19186773460,606260,1316498750,3778291406,396.0,360.0,93.0,408.0,341.0,100.0,1,19,12,0.015,497757.0,457662.0,434319.0
2021,4,0,57950,3060525,60332970268,1893332,4279576427,12513397278,1561.0,141.0,17.0,1518.0,141.0,17.0,0,17,13,0.023,1846151.0,1556755.0,1371886.0
2021,4,1,10192,521144,12732588980,401787,923870075,2208052104,180.0,232.0,0.0,180.0,232.0,0.0,0,17,13,0.023,386966.0,315396.0,280912.0
2021,4,3,11532,583643,12607324290,439663,982014838,2280861508,193.0,286.0,0.0,193.0,287.0,0.0,0,17,13,0.023,421455.0,342981.0,294300.0
2021,4,4,21018,1081588,20452205212,638464,1408319903,3667507238,386.0,347.0,90.0,399.0,330.0,94.0,0,17,13,0.023,606260.0,497757.0,457662.0
2021,5,0,60074,3172657,67795210550,2101936,4865275952,12974625217,1621.0,141.0,17.0,1576.0,141.0,17.0,3,17,14,0.026,1893332.0,1846151.0,1556755.0
2021,5,1,10568,540215,13904807844,437499,1016588092,2289024620,186.0,242.0,0.0,186.0,242.0,0.0,3,17,14,0.026,401787.0,386966.0,315396.0
2021,5,3,11976,606481,14127994334,494595,1104745823,2368955659,200.0,299.0,0.0,200.0,298.0,0.0,3,17,14,0.026,439663.0,421455.0,342981.0
2021,5,4,21756,1119574,22617785830,701215,1567799707,3794134999,400.0,358.0,93.0,414.0,341.0,96.0,3,17,14,0.026,638464.0,606260.0,497757.0
2021,6,0,57540,3040680,66268670430,2060042,4769146709,12430477684,1550.0,138.0,18.0,1508.0,138.0,18.0,1,18,12,0.024,2101936.0,1893332.0,1846151.0
2021,6,1,10128,517957,13511601252,422068,986644639,2194385369,180.0,228.0,0.0,180.0,228.0,0.0,1,18,12,0.024,437499.0,401787.0,386966.0
2021,6,3,11488,584763,13446299232,472599,1056571055,2288091516,192.0,286.0,0.0,192.0,286.0,0.0,1,18,12,0.024,494595.0,439663.0,421455.0
2021,6,4,20952,1079474,21446108196,672839,1486999204,3663949846,384.0,348.0,90.0,396.0,330.0,96.0,1,18,12,0.024,701215.0,638464.0,606260.0
2021,7,0,60118,3176422,56193033550,1769803,4055492792,12988170338,1620.0,146.0,17.0,1575.0,146.0,17.0,0,17,14,0.026,2060042.0,2101936.0,1893332.0
2021,7,1,10568,539843,11525876288,365803,844072131,2287448239,186.0,242.0,0.0,186.0,242.0,0.0,0,17,14,0.026,422068.0,437499.0,401787.0
2021,7,3,11960,609117,12024856164,424063,949793330,2379811282,200.0,297.0,0.0,200.0,298.0,0.0,0,17,14,0.026,472599.0,494595.0,439663.0
2021,7,4,21756,1121517,18185564432,578445,1262456555,3800380358,400.0,358.0,93.0,414.0,341.0,96.0,0,17,14,0.026,672839.0,701215.0,638464.0
2021,8,0,59900,3170426,54120521032,1695424,3912386257,12966099051,1609.0,44.0,129.0,1565.0,44.0,129.0,1,18,13,0.026,1769803.0,2060042.0,2101936.0
2021,8,1,11496,585512,11930440232,379464,874992112,2491592414,186.0,274.0,26.0,186.0,274.0,26.0,1,18,13,0.026,365803.0,422068.0,437499.0
2021,8,3,12900,660792,12868128558,447226,1016931952,2594406871,199.0,226.0,133.0,199.0,226.0,132.0,1,18,13,0.026,424063.0,472599.0,494595.0
2021,8,4,22186,1143888,18725602002,585534,1303641970,3892331300,398.0,372.0,111.0,411.0,341.0,129.0,1,18,13,0.026,578445.0,672839.0,701215.0
2021,9,0,58926,3118919,58238355436,1798954,4115279215,12757848484,1586.0,45.0,120.0,1541.0,45.0,120.0,3,18,12,0.025,1695424.0,1769803.0,2060042.0
2021,9,1,11280,573897,12851495646,405109,930826465,2442755475,180.0,270.0,30.0,180.0,270.0,30.0,3,18,12,0.025,379464.0,365803.0,422068.0
2021,9,3,12652,647605,12443640900,435043,963251488,2537255477,195.0,221.0,131.0,195.0,221.0,131.0,3,18,12,0.025,447226.0,424063.0,472599.0
2021,9,4,21630,1115279,19809393776,611384,1358069348,3786210095,390.0,360.0,105.0,405.0,330.0,120.0,3,18,12,0.025,585534.0,578445.0,672839.0
2021,10,0,60872,3219762,74498433988,2292451,5370505934,13170148128,1637.0,48.0,125.0,1591.0,48.0,125.0,2,16,15,0.032,1798954.0,1695424.0,1769803.0
2021,10,1,11624,591731,15980969698,506558,1169176578,2518590411,186.0,278.0,30.0,186.0,278.0,30.0,2,16,15,0.032,405109.0,379464.0,365803.0
2021,10,3,13012,662547,15807376730,553860,1243293500,2595889549,201.0,227.0,134.0,201.0,227.0,134.0,2,16,15,0.032,435043.0,447226.0,424063.0
2021,10,4,22318,1150031,24492955894,755887,1701610824,3905074525,402.0,372.0,109.0,417.0,341.0,125.0,2,16,15,0.032,611384.0,585534.0,578445.0
2021,11,0,57768,3055408,81413328456,2520513,5897728624,12494830594,1551.0,42.0,126.0,1509.0,42.0,126.0,0,18,12,0.037,2292451.0,1798954.0,1695424.0
2021,11,1,11088,564336,17120878276,546362,1253126910,2401314700,180.0,264.0,24.0,180.0,264.0,24.0,0,18,12,0.037,506558.0,405109.0,379464.0
2021,11,3,12448,633960,16484726740,586500,1301634217,2489656544,192.0,218.0,128.0,192.0,218.0,128.0,0,18,12,0.037,553860.0,435043.0,447226.0
2021,11,4,21432,1103573,26168943862,821053,1824828721,3756211586,384.0,360.0,108.0,396.0,330.0,126.0,0,18,12,0.037,755887.0,611384.0,585534.0
2021,12,0,59864,3166344,73019198500,2280486,5326988551,12946622792,1608.0,44.0,129.0,1564.0,44.0,129.0,1,18,13,0.037,2520513.0,2292451.0,1798954.0
2021,12,1,11496,585388,15784737636,501164,1157854586,2491029051,186.0,274.0,26.0,186.0,274.0,26.0,1,18,13,0.037,546362.0,506558.0,405109.0
2021,12,2,1264,63390,1508466722,51133,109856625,236375375,12.0,36.0,16.0,12.0,36.0,16.0,0,3,1,0.037,0.0,0.0,0.0
2021,12,3,12884,656477,15317600010,543202,1207024049,2576496608,199.0,225.0,132.0,199.0,225.0,133.0,1,18,13,0.037,586500.0,553860.0,435043.0
2021,12,4,22186,1141418,23564237036,742505,1644384874,3883581606,398.0,372.0,111.0,411.0,341.0,129.0,1,18,13,0.037,821053.0,755887.0,611384.0
2022,1,0,60296,3190304,67844821512,2078548,4910921994,13047259324,1633.0,46.0,100.0,1587.0,46.0,100.0,2,17,14,0.036,2280486.0,2520513.0,2292451.0
2022,1,1,11480,583669,14670141800,460220,1075729089,2482665558,186.0,278.0,21.0,186.0,278.0,21.0,2,17,14,0.036,501164.0,546362.0,506558.0
2022,1,2,9324,466912,10553612292,361912,749671457,1740201228,93.0,279.0,95.0,93.0,279.0,94.0,2,17,14,0.036,51133.0,0.0,0.0
2022,1,3,12556,639061,13833768766,485751,1087493371,2502402709,201.0,228.0,104.0,201.0,228.0,105.0,2,17,14,0.036,543202.0,586500.0,553860.0
2022,1,4,21998,1131108,21526464718,662038,1490989879,3845296083,402.0,372.0,89.0,417.0,341.0,105.0,2,17,14,0.036,742505.0,821053.0,755887.0
2022,2,0,55112,2915318,57077490682,1753695,4156879799,11928451966,1483.0,43.0,112.0,1441.0,43.0,112.0,2,16,12,0.037,2078548.0,2280486.0,2520513.0
2022,2,1,10528,535042,12127990600,381172,888127943,2277365249,168.0,252.0,28.0,168.0,252.0,28.0,2,16,12,0.037,460220.0,501164.0,546362.0
2022,2,2,8848,443854,9087436100,318196,645570973,1654635080,84.0,252.0,112.0,84.0,252.0,112.0,2,16,12,0.037,361912.0,51133.0,0.0
2022,2,3,11792,600415,12137263720,422889,955592629,2352333832,182.0,206.0,122.0,182.0,206.0,121.0,2,16,12,0.037,485751.0,543202.0,586500.0
2022,2,4,20188,1039137,17949224936,553406,1246020181,3527044510,364.0,336.0,98.0,378.0,308.0,112.0,2,16,12,0.037,662038.0,742505.0,821053.0
2022,3,0,59626,3153403,56685554664,1819050,4051937934,12893018333,1600.0,44.0,131.0,1557.0,44.0,131.0,1,19,12,0.041,1753695.0,2078548.0,2280486.0
2022,3,1,11432,581116,12704203588,413835,923908817,2472608549,186.0,272.0,24.0,186.0,272.0,24.0,1,19,12,0.041,381172.0,460220.0,501164.0
2022,3,2,9796,491350,9156836514,332836,644079138,1831900089,93.0,279.0,124.0,93.0,279.0,124.0,1,19,12,0.041,318196.0,361912.0,51133.0
2022,3,3,12840,653475,12492368070,445316,967759980,2567642458,198.0,225.0,132.0,198.0,225.0,132.0,1,19,12,0.041,422889.0,485751.0,543202.0
2022,3,4,22120,1138350,19181301096,605235,1322223970,3876123401,396.0,372.0,112.0,408.0,341.0,131.0,1,19,12,0.041,553406.0,662038.0,742505.0
2022,4,0,58492,3094200,77495300672,2427868,5576600615,12658845571,1573.0,44.0,122.0,1529.0,44.0,122.0,0,16,14,0.048,1819050.0,1753695.0,2078548.0
2022,4,1,11216,570214,16551941884,535344,1213315548,2428474113,180.0,268.0,28.0,180.0,268.0,28.0,0,16,14,0.048,413835.0,381172.0,460220.0
2022,4,2,9480,475704,12007481548,427268,844842129,1773419109,90.0,270.0,120.0,90.0,270.0,120.0,0,16,14,0.048,332836.0,318196.0,361912.0
2022,4,3,12560,639714,16266192986,579374,1275030863,2508298574,194.0,219.0,129.0,194.0,219.0,130.0,0,16,14,0.048,445316.0,422889.0,485751.0
2022,4,4,21564,1109950,25191237196,784679,1750394730,3773630937,388.0,360.0,106.0,402.0,330.0,122.0,0,16,14,0.048,605235.0,553406.0,662038.0
2022,5,0,60540,3202424,99684255556,3104963,7288742421,13104354658,1633.0,46.0,113.0,1589.0,46.0,113.0,3,18,13,0.054,2427868.0,1819050.0,1753695.0
2022,5,1,11496,584706,20012388974,655310,1486717564,2489726198,186.0,274.0,26.0,186.0,274.0,26.0,3,18,13,0.054,535344.0,413835.0,381172.0
2022,5,2,9796,491567,15247262990,542201,1082885845,1832650052,93.0,279.0,124.0,93.0,279.0,124.0,3,18,13,0.054,427268.0,332836.0,318196.0
2022,5,3,12900,656766,19419666122,707716,1549204937,2578570654,199.0,226.0,133.0,199.0,226.0,132.0,3,18,13,0.054,579374.0,445316.0,422889.0
2022,5,4,22666,1167737,31063171192,988053,2191391060,3928641602,414.0,372.0,95.0,443.0,341.0,97.0,3,18,13,0.054,784679.0,605235.0,553406.0
2022,6,0,58272,3082668,96919246466,2952737,7110966405,12611079644,1573.0,42.0,108.0,1531.0,42.0,108.0,1,18,12,0.06,3104963.0,2427868.0,1819050.0
2022,6,1,11088,564088,18980509178,612109,1407289511,2401840254,180.0,264.0,24.0,180.0,264.0,24.0,1,18,12,0.06,655310.0,535344.0,413835.0
2022,6,2,9480,475890,14726762734,520044,1045233597,1774265511,90.0,270.0,120.0,90.0,270.0,120.0,1,18,12,0.06,542201.0,427268.0,332836.0
2022,6,3,12448,634177,18647452374,665053,1494106118,2491135305,192.0,218.0,128.0,192.0,218.0,128.0,1,18,12,0.06,707716.0,579374.0,445316.0
2022,6,4,22872,1183820,29358668814,925571,2065681216,3913864309,462.0,300.0,90.0,462.0,300.0,90.0,1,18,12,0.06,988053.0,784679.0,605235.0
2022,7,0,61422,3249351,100838685764,3041059,7429767584,13297983212,1658.0,50.0,109.0,1613.0,50.0,109.0,0,16,15,0.063,2952737.0,3104963.0,2427868.0
2022,7,1,11624,591545,19681819680,625831,1463890413,2519379705,186.0,273.0,35.0,186.0,273.0,35.0,0,16,15,0.063,612109.0,655310.0,535344.0
2022,7,2,9796,492156,15197273192,528363,1084300508,1834741179,93.0,277.0,126.0,93.0,277.0,126.0,0,16,15,0.063,520044.0,542201.0,427268.0
2022,7,3,13012,663012,19798297408,693723,1593999352,2598447257,201.0,231.0,130.0,201.0,231.0,130.0,0,16,15,0.063,665053.0,707716.0,579374.0
2022,7,4,23792,1231942,29688294770,924171,2085230620,4070972010,480.0,316.0,91.0,480.0,316.0,91.0,0,16,15,0.063,925571.0,988053.0,784679.0
2022,8,0,60298,3190309,101236966232,3004164,7516799329,13053494603,1619.0,48.0,110.0,1590.0,48.0,111.0,1,19,12,0.057,3041059.0,2952737.0,3104963.0
2022,8,1,11432,588928,19162887682,606413,1433962173,2506713334,186.0,155.0,141.0,186.0,155.0,141.0,1,19,12,0.057,625831.0,612109.0,655310.0
2022,8,2,9796,495659,15111858426,527032,1084090694,1848043556,93.0,217.0,186.0,93.0,217.0,186.0,1,19,12,0.057,528363.0,520044.0,542201.0
2022,8,3,12840,649124,19917444038,686650,1620595992,2550100084,198.0,326.0,31.0,198.0,357.0,0.0,1,19,12,0.057,693723.0,665053.0,707716.0
2022,8,4,23682,1223028,29157372174,906636,2063474641,4040500690,476.0,377.0,31.0,477.0,377.0,31.0,1,19,12,0.057,924171.0,925571.0,988053.0
2022,9,0,58474,3093951,98439219430,2993883,7114491734,12657310087,1573.0,45.0,103.0,1544.0,45.0,103.0,3,17,13,0.056,3004164.0,3041059.0,2952737.0
2022,9,1,11084,571097,20012612620,640597,1479093179,2430919143,177.0,146.0,148.0,177.0,147.0,148.0,3,17,13,0.056,606413.0,625831.0,612109.0
2022,9,2,9316,471295,14913413210,519510,1048004734,1757006121,89.0,205.0,177.0,89.0,205.0,177.0,3,17,13,0.056,527032.0,528363.0,520044.0
2022,9,3,12524,632158,18803463162,671762,1489480265,2474888889,193.0,318.0,30.0,193.0,349.0,0.0,3,17,13,0.056,686650.0,693723.0,665053.0
2022,9,4,22824,1178744,30561521960,964448,2130276039,3891059100,461.0,357.0,29.0,463.0,358.0,30.0,3,17,13,0.056,906636.0,924171.0,925571.0
2022,10,0,60962,3225441,114221551402,3453559,8375356835,13201471167,1640.0,45.0,110.0,1609.0,45.0,110.0,2,17,14,0.057,2993883.0,3004164.0,3041059.0
2022,10,1,11560,595922,21886577200,712557,1625584927,2537117382,186.0,155.0,149.0,186.0,155.0,149.0,2,17,14,0.057,640597.0,606413.0,625831.0
2022,10,2,9796,495690,16604989824,586066,1173941982,1848054397,93.0,217.0,186.0,93.0,217.0,186.0,2,17,14,0.057,519510.0,527032.0,528363.0
2022,10,3,13000,656698,21009800836,753752,1683859089,2573396530,200.0,332.0,31.0,200.0,362.0,0.0,2,17,14,0.057,671762.0,686650.0,693723.0
2022,10,4,23724,1225827,33692068250,1072303,2368666869,4050085025,479.0,374.0,31.0,479.0,374.0,31.0,2,17,14,0.057,964448.0,906636.0,924171.0
2022,11,0,57160,3024240,105087957992,3194372,7657220154,12369963581,1535.0,42.0,107.0,1509.0,42.0,105.0,0,18,12,0.05,3453559.0,2993883.0,3004164.0
2022,11,1,10984,565975,20205780752,658463,1489631523,2408680589,178.0,148.0,138.0,178.0,149.0,137.0,0,18,12,0.05,712557.0,640597.0,606413.0
2022,11,2,9400,476068,15514126120,546410,1090701506,1775112600,90.0,207.0,178.0,90.0,208.0,177.0,0,18,12,0.05,586066.0,519510.0,527032.0
2022,11,3,12324,623065,19274454004,692262,1536573360,2447358842,191.0,311.0,29.0,191.0,341.0,0.0,0,18,12,0.05,753752.0,671762.0,686650.0
2022,11,4,22590,1167196,31031929930,991958,2166045953,3863319537,458.0,353.0,29.0,457.0,354.0,29.0,0,18,12,0.05,1072303.0,964448.0,906636.0
2022,12,0,60710,3212098,110489407342,3326734,8092022776,13143181703,1633.0,45.0,110.0,1602.0,45.0,110.0,1,17,14,0.05,3194372.0,3453559.0,2993883.0
2022,12,1,11560,595395,21255572200,680136,1573720627,2534796753,186.0,155.0,149.0,186.0,155.0,149.0,1,17,14,0.05,658463.0,712557.0,640597.0
2022,12,2,9796,495969,16206320454,566167,1141884635,1849089921,93.0,217.0,186.0,93.0,217.0,186.0,1,17,14,0.05,546410.0,586066.0,519510.0
2022,12,3,12952,654556,20160677740,717034,1602301515,2566422646,200.0,328.0,31.0,200.0,360.0,0.0,1,17,14,0.05,692262.0,753752.0,671762.0
2022,12,4,23692,1223792,31839474664,1005722,2218635996,4043403153,479.0,372.0,31.0,479.0,372.0,31.0,1,17,14,0.05,991958.0,1072303.0,964448.0
2023,1,0,60962,3225185,106563047006,3142173,7800236872,13199800318,1640.0,46.0,109.0,1609.0,46.0,109.0,4,18,13,0.052,3326734.0,3194372.0,3453559.0
2023,1,1,11624,598799,20897027176,655327,1563232558,2549511209,186.0,155.0,153.0,186.0,155.0,153.0,4,18,13,0.052,680136.0,658463.0,712557.0
2023,1,2,9796,495597,15867547594,541980,1124765648,1847631196,93.0,217.0,186.0,93.0,217.0,186.0,4,18,13,0.052,566167.0,546410.0,586066.0
2023,1,3,13036,658445,19986889364,700832,1603631797,2579899260,201.0,332.0,31.0,201.0,362.0,0.0,4,18,13,0.052,717034.0,692262.0,753752.0
2023,1,4,23728,1224946,31320787714,968698,2195350281,4046691307,480.0,372.0,31.0,480.0,372.0,31.0,4,18,13,0.052,1005722.0,991958.0,1072303.0
2023,2,0,54296,2872706,103051242594,3114093,7626534822,11751933067,1460.0,40.0,100.0,1432.0,40.0,100.0,0,16,12,0.048,3142173.0,3326734.0,3194372.0
2023,2,1,10400,535922,19401713734,626473,1450884351,2281475619,168.0,140.0,132.0,168.0,140.0,132.0,0,16,12,0.048,655327.0,680136.0,658463.0
2023,2,2,8848,447667,15194784460,536474,1084328056,1669040293,84.0,196.0,168.0,84.0,196.0,168.0,0,16,12,0.048,541980.0,566167.0,546410.0
2023,2,3,11664,589354,18929615356,675382,1533401199,2312462485,180.0,296.0,28.0,180.0,324.0,0.0,0,16,12,0.048,700832.0,717034.0,692262.0
2023,2,4,21376,1103743,28957425174,918157,2042609695,3646987903,432.0,336.0,28.0,432.0,336.0,28.0,0,16,12,0.048,968698.0,1005722.0,991958.0
2023,3,0,59990,3174251,101664299998,3152500,7431324399,12983924473,1613.0,44.0,111.0,1582.0,44.0,111.0,1,18,13,0.042,3114093.0,3142173.0,3326734.0
2023,3,1,11496,592084,20568956112,673037,1530130544,2520426118,186.0,155.0,145.0,186.0,155.0,145.0,1,18,13,0.042,626473.0,655327.0,680136.0
2023,3,2,9796,495907,15120497460,542514,1067235031,1848940397,93.0,217.0,186.0,93.0,217.0,186.0,1,18,13,0.042,536474.0,541980.0,566167.0
2023,3,3,12884,650886,19329996800,694805,1537080706,2556940997,199.0,326.0,31.0,199.0,358.0,0.0,1,18,13,0.042,675382.0,700832.0,717034.0
2023,3,4,23640,1220376,29848095874,962785,2084164505,4031066132,478.0,371.0,31.0,478.0,371.0,31.0,1,18,13,0.042,918157.0,968698.0,1005722.0
2023,4,0,58560,3098080,107843626524,3281372,7904313441,12675165907,1575.0,44.0,106.0,1545.0,44.0,106.0,0,16,14,0.037,3152500.0,3114093.0,3142173.0
2023,4,1,11216,577716,21044865528,688648,1560776699,2459559518,180.0,150.0,146.0,180.0,150.0,146.0,0,16,14,0.037,673037.0,626473.0,655327.0
2023,4,2,9480,479517,15984204150,565822,1124930952,1787734475,90.0,210.0,180.0,90.0,210.0,180.0,0,16,14,0.037,542514.0,536474.0,541980.0
2023,4,3,12576,634667,20474653588,733238,1642698354,2490427525,194.0,320.0,30.0,194.0,349.0,0.0,0,16,14,0.037,694805.0,675382.0,700832.0
2023,4,4,22944,1184160,32120226232,1025955,2249415672,3910440480,464.0,360.0,30.0,464.0,360.0,30.0,0,16,14,0.037,962785.0,918157.0,968698.0
2023,5,0,59882,3168137,113823127286,3460800,8384620120,12960778655,3220.0,86.0,224.0,3158.0,86.0,224.0,3,19,12,0.033,3281372.0,3152500.0,3114093.0
2023,5,1,11432,589083,21859991804,716221,1629013513,2507356646,372.0,310.0,282.0,372.0,310.0,282.0,3,19,12,0.033,688648.0,673037.0,626473.0
2023,5,2,9796,495535,17121406620,609128,1213375315,1847603852,186.0,434.0,372.0,186.0,434.0,372.0,3,19,12,0.033,565822.0,542514.0,536474.0
2023,5,3,12840,648345,21173005190,767495,1714443984,2549417582,396.0,652.0,62.0,396.0,714.0,0.0,3,19,12,0.033,733238.0,694805.0,675382.0
2023,5,4,23620,1219693,33682594094,1088042,2373363568,4028631174,954.0,744.0,62.0,954.0,744.0,62.0,3,19,12,0.033,1025955.0,962785.0,918157.0
2023,6,0,58560,3098394,108510329338,3274361,7937637795,12676564778,1575.0,43.0,107.0,1545.0,43.0,107.0,1,17,13,0.027,3460800.0,3281372.0,3152500.0
2023,6,1,11152,574498,20686324968,668339,1528220811,2445606453,180.0,150.0,142.0,180.0,150.0,142.0,1,17,13,0.027,716221.0,688648.0,673037.0
2023,6,2,9480,479982,16101591214,567550,1133385956,1789532216,90.0,210.0,180.0,90.0,210.0,180.0,1,17,13,0.027,609128.0,565822.0,542514.0
2023,6,3,12492,630809,20013338038,712496,1601819953,2477173841,193.0,316.0,30.0,193.0,347.0,0.0,1,17,13,0.027,767495.0,733238.0,694805.0
2023,6,4,22908,1182475,31637766036,1006231,2206002336,3905371959,463.0,360.0,30.0,463.0,360.0,30.0,1,17,13,0.027,1088042.0,1025955.0,962785.0
2023,7,0,59962,3171834,110745100330,3279768,8045009236,12972397539,1610.0,50.0,110.0,1579.0,50.0,110.0,0,17,14,0.023,3274361.0,3460800.0,3281372.0
2023,7,1,11272,580301,20184097504,651454,1492823415,2472334117,177.0,155.0,149.0,179.0,155.0,149.0,0,17,14,0.023,668339.0,716221.0,688648.0
2023,7,2,9788,495404,16505088198,570404,1162119681,1847039198,93.0,217.0,186.0,93.0,216.0,186.0,0,17,14,0.023,567550.0,609128.0,565822.0
2023,7,3,11992,605719,18431076548,648470,1470918649,2382274464,183.0,294.0,29.0,185.0,348.0,0.0,0,17,14,0.023,712496.0,767495.0,733238.0
2023,7,4,23004,1188306,30637306544,954043,2128441816,3928058084,467.0,362.0,25.0,467.0,356.0,31.0,0,17,14,0.023,1006231.0,1088042.0,1025955.0
2023,8,0,59966,3172197,114384901786,3352224,8421385097,12974905395,1611.0,48.0,110.0,1580.0,48.0,110.0,1,19,12,0.034,3279768.0,3274361.0,3460800.0
2023,8,1,11212,578016,20990680470,669451,1568344034,2459952701,183.0,151.0,138.0,183.0,151.0,138.0,1,19,12,0.034,651454.0,668339.0,716221.0
2023,8,2,9684,490818,16789047650,582320,1191401734,1830042076,93.0,213.0,183.0,93.0,214.0,182.0,1,19,12,0.034,570404.0,567550.0,609128.0
2023,8,3,12690,640990,20889646346,729354,1689548204,2520414726,196.0,319.0,31.0,197.0,352.0,0.0,1,19,12,0.034,648470.0,712496.0,767495.0
2023,8,4,23514,1214280,32050703250,1003070,2256637711,4013674116,475.0,371.0,31.0,474.0,371.0,31.0,1,19,12,0.034,954043.0,1006231.0,1088042.0
2023,9,0,58866,3107133,109480622934,3291100,7898993796,12717778309,1541.0,133.0,111.0,1512.0,134.0,111.0,3,16,14,0.037,3352224.0,3279768.0,3274361.0
2023,9,1,10764,547890,20308638216,648086,1501480428,2334903418,171.0,275.0,13.0,171.0,275.0,13.0,3,16,14,0.037,669451.0,651454.0,668339.0
2023,9,2,9064,455097,15781614722,549980,1106722889,1694286410,90.0,270.0,94.0,90.0,270.0,94.0,3,16,14,0.037,582320.0,570404.0,567550.0
2023,9,3,13836,710689,20536875954,745932,1623443334,2688127635,247.0,210.0,99.0,247.0,210.0,99.0,3,16,14,0.037,729354.0,648470.0,712496.0
2023,9,4,21160,1096762,31683442050,991399,2198164852,3673202598,426.0,252.0,112.0,426.0,252.0,112.0,3,16,14,0.037,1003070.0,954043.0,1006231.0
2023,10,0,62554,3300739,123006681970,3643417,8956745344,13515022474,1630.0,155.0,122.0,1599.0,155.0,122.0,2,18,13,0.038,3291100.0,3352224.0,3279768.0
2023,10,1,11624,592382,22473203818,716861,1664567681,2523589763,186.0,293.0,15.0,186.0,293.0,15.0,2,18,13,0.038,648086.0,669451.0,651454.0
2023,10,2,9780,491274,17454900180,605377,1226697960,1828582202,93.0,294.0,108.0,93.0,294.0,108.0,2,18,13,0.038,549980.0,582320.0,570404.0
2023,10,3,14840,762011,23228593522,840753,1860814541,2871677063,262.0,232.0,106.0,262.0,232.0,106.0,2,18,13,0.038,745932.0,729354.0,648470.0
2023,10,4,22596,1170508,34549279088,1078780,2407442106,3919879701,449.0,280.0,122.0,449.0,280.0,122.0,2,18,13,0.038,991399.0,1003070.0,954043.0
2023,11,0,59796,3154478,117357433888,3547176,8518891005,12911681250,1556.0,150.0,120.0,1526.0,150.0,120.0,0,18,12,0.033,3643417.0,3291100.0,3352224.0
2023,11,1,11088,565762,21343258138,688137,1570078184,2409624832,180.0,276.0,12.0,180.0,276.0,12.0,0,18,12,0.033,716861.0,648086.0,669451.0
2023,11,2,9480,475518,16602692034,587287,1161795230,1769963270,90.0,288.0,102.0,90.0,288.0,102.0,0,18,12,0.033,605377.0,549980.0,582320.0
2023,11,3,13708,700814,21117923612,773778,1674565136,2673858707,227.0,247.0,99.0,227.0,247.0,99.0,0,18,12,0.033,840753.0,745932.0,729354.0
2023,11,4,21792,1128167,32834678262,1045942,2282100917,3779916346,432.0,270.0,120.0,432.0,270.0,120.0,0,18,12,0.033,1078780.0,991399.0,1003070.0
2023,12,0,62782,3311311,121169078506,3647548,8836279965,13557249017,1635.0,164.0,116.0,1604.0,165.0,115.0,1,16,15,0.032,3547176.0,3643417.0,3291100.0
2023,12,1,11624,592134,22307047512,714043,1651427335,2522469423,186.0,295.0,13.0,186.0,295.0,13.0,1,16,15,0.032,688137.0,716861.0,648086.0
2023,12,2,9796,491753,17523798528,612267,1231378659,1830403959,93.0,301.0,102.0,93.0,301.0,102.0,1,16,15,0.032,587287.0,605377.0,549980.0
2023,12,3,14208,726907,22164945978,805939,1761558594,2775613898,232.0,249.0,117.0,232.0,248.0,118.0,1,16,15,0.032,773778.0,840753.0,745932.0
2023,12,4,22628,1172411,33780753236,1059829,2352707932,3926980349,449.0,268.0,136.0,449.0,268.0,136.0,1,16,15,0.032,1045942.0,1078780.0,991399.0
2024,1,0,61810,3255475,110574778916,3318669,8071447775,13326499749,1608.0,249.0,31.0,1577.0,249.0,31.0,1,19,12,0.028,3647548.0,3547176.0,3643417.0
2024,1,1,11432,581767,20433971552,644503,1517596032,2477695947,186.0,296.0,0.0,186.0,296.0,0.0,1,19,12,0.028,714043.0,688137.0,716861.0
2024,1,2,9796,488870,16026407476,558618,1130505089,1819584990,93.0,341.0,62.0,93.0,341.0,62.0,1,19,12,0.028,612267.0,587287.0,605377.0
2024,1,3,14020,723983,20345962014,732365,1621571620,2769357604,229.0,132.0,229.0,229.0,105.0,256.0,1,19,12,0.028,805939.0,773778.0,840753.0
2024,1,4,22520,1172060,30746726232,957778,2147716032,3927148100,446.0,175.0,229.0,446.0,175.0,229.0,1,19,12,0.028,1059829.0,1045942.0,1078780.0
2024,2,0,58770,3096417,116369764484,3464111,8524144765,12677976278,1531.0,232.0,29.0,1502.0,232.0,29.0,4,17,12,0.031,3318669.0,3647548.0,3547176.0
2024,2,1,10872,552938,21531071112,679183,1608972486,2355349630,174.0,288.0,0.0,174.0,288.0,0.0,4,17,12,0.031,644503.0,714043.0,688137.0
2024,2,2,9164,457795,16786953538,583061,1188934509,1703955136,87.0,319.0,58.0,87.0,319.0,58.0,4,17,12,0.031,558618.0,612267.0,587287.0
2024,2,3,13300,686330,21321846478,772313,1716561874,2620449509,217.0,126.0,217.0,217.0,98.0,245.0,4,17,12,0.031,732365.0,805939.0,773778.0
2024,2,4,21152,1100814,32495018556,1012952,2281410777,3687520392,420.0,160.0,217.0,420.0,160.0,217.0,4,17,12,0.031,957778.0,1059829.0,1045942.0
2024,3,0,62658,3301402,113298033576,3473501,8239441412,13516340607,1632.0,248.0,31.0,1601.0,248.0,31.0,1,16,15,0.031,3464111.0,3318669.0,3647548.0
2024,3,1,11624,590584,21718733446,701690,1608603260,2515681725,186.0,308.0,0.0,186.0,308.0,0.0,1,16,15,0.031,679183.0,644503.0,714043.0
2024,3,2,9796,489118,16229108638,577560,1137980884,1820519826,93.0,341.0,62.0,93.0,341.0,62.0,1,16,15,0.031,583061.0,558618.0,612267.0
2024,3,3,14208,733111,21117278560,773749,1673003130,2798838980,232.0,134.0,232.0,232.0,103.0,263.0,1,16,15,0.031,772313.0,732365.0,805939.0
2024,3,4,22612,1176865,31867129658,1013909,2213809287,3942334335,449.0,171.0,232.0,449.0,171.0,232.0,1,16,15,0.031,1012952.0,957778.0,1059829.0
